"rncp_id","description","label","slug","acronym","level","activities","abilities","accessible_job_type","activity_area"
"2514","","Certificat d’aptitude aux fonctions d’encadrement et de responsable d’unité d’intervention sociale (CAFERUIS)","diplome-certificat-d-aptitude-aux-fonctions-d-encadrement-et-de-responsable-d-unite-d-intervention-sociale-caferuis","Diplôme",6,"Le certificat d’aptitude aux fonctions d’encadrement et de responsable d’unité d’intervention sociale atteste des compétences nécessaires pour animer une unité de travail dans le champ de l’intervention sociale et conduire son action dans le cadre du projet et des missions de l’employeur, ainsi que dans le cadre des politiques publiques. <br /> En responsabilité d’une unité de travail, il a pour mission principale l’encadrement d’une équipe et des actions directement engagées auprès des usagers. Il pilote l’action dans le cadre du projet de service dans le respect du projet de l’organisation Sa position d’interface lui confère une fonction spécifique de communication interne. Il occupe un rôle clé pour la mise en œuvre des réponses aux besoins des usagers, il est, à son niveau, garant du respect de leurs droits et il favorise une réflexion éthique au sein de son unité de travail.    <br /> <br /> L’encadrant et responsable d’unité d’intervention sociale exerce les fonctions suivantes :    <br /> - Pilotage de l’action    <br /> - Encadrement d’équipes et de professionnels, gestion des ressources humaines    <br /> - Gestion administrative et budgétaire d’une unité    <br /> - Communication interne    <br /> - Participation au projet de la structure    <br /> - Partenariat d’action et travail en réseau    <br /> <br />","Domaine de compétences 1 : Conception et conduite de projets d’unité ou de service dans le cadre du projet institutionnel <br /> Domaine de compétences 2 : Expertise technique    <br /> <br /> Domaine de compétences 3 : Management d’équipe    <br /> <br /> Domaine de compétences 4 : Organisation du travail, gestion administrative et budgétaire d’une unité ou d’un service    <br /> <br /> Domaine de compétences 5 : Communication, interface, gestion de partenariat    <br /> <br /> Domaine de compétences 6 : Evaluation, développement de la qualité    <br />","<p>.</p>","<p>L’encadrant et responsable d’unité d’intervention sociale peut exercer son activité dans les établissements et services du champ de l’intervention sociale et de l’action médico-sociale (secteur associatif, organismes de protection sociale, fonction publique territoriale, fonction publique hospitalière). <br /><br /></p>"
"4503","","Technicien de l'intervention sociale et familiale","de-de-technicien-de-l-intervention-sociale-et-familiale","DE",4,"Le technicien de l’intervention sociale et familiale effectue une intervention sociale préventive, éducative et réparatrice visant à favoriser l’autonomie des personnes et leur intégration dans leur environnement et à créer ou restaurer le lien social. <br /> Le technicien de l’intervention sociale et familiale exerce les fonctions suivantes :    <br /> <br /> - Il élabore, met en œuvre et évalue le projet individualisé    <br /> - Il accompagne la personne vers l’autonomie dans les actes de la vie quotidienne    <br /> - Il aide à l’insertion de la personne dans son environnement    <br /> - Il participe au développement de la dynamique familiale    <br /> <br />","Domaine de compétences 1  Conduite du projet d’aide à la personne <br /> Domaine de compétences 2 - Communication  professionnelle et travail en réseau    <br /> <br /> Domaine de compétences 3 - Réalisation des actes de la vie quotidienne    <br /> <br /> Domaine de compétences 4 - Transmission des savoirs et des techniques nécessaires à l’autonomie des personnes dans leur la vie quotidienne.    <br /> <br /> Domaine de compétences 5 - Contribution au développement de la dynamique familiale    <br /> <br /> Domaine de compétences 6 - Accompagnement social vers l’insertion    <br /> <br />","<p>.</p>","<p>On recense environ 6 000 technicien(ne)s de l’intervention sociale et familiale (données DREES 1999) principalement employés par des associations et structures privées et des collectivités territoriales (départements) <br /><br />Les techniciens de l’intervention sociale et familiale interviennent au domicile, habituel ou de substitution des personnes, dans leur environnement proche ou en établissement. Les établissements et services employeurs sont notamment ceux visés par l’article L312-1 du code de l’action sociale et des familles. <br /><br /></p>"
"5983","","Surveillant - visiteur de nuit en secteur social et médico-social","diplome-surveillant-visiteur-de-nuit-en-secteur-social-et-medico-social","Diplôme",3,"<p>Le surveillant - visiteur de nuit  exerce principalement au sein de  structures d'hébergement collectif accueillant des personnes âgées, des  personnes handicapées (adultes ou enfants), des personnes en situation  de précarité, des enfants en difficulté sociale et familiale. Il peut  également intervenir au domicile des personnes en tant que salarié d'un  organisme prestataire, ou salarié du particulier employeur.   Le surveillant - visiteur de nuit :<br />-        assure une veille ""active"" des personnes, en tenant compte des informations recueillies à sa prise de poste en respectant l'intimité de la personne et les consignes institutionnelles,<br />-         garantit les conditions de repos de la personne en l'accompagnant dans ses besoins et demandes et en respectant son intimité. Il participe à la mise en œuvre du projet individuel. Il tient compte des problématiques individuelles des personnes. <br />-       assure la surveillance des locaux et des équipements et en garantit la sécurité, en tenant compte des informations recueillies à sa prise de poste. En fonction du degré de dysfonctionnement, le surveillant visiteur de nuit peut<br />o    agir directement,<br />o    transmettre l’information par écrit et par oral au service de maintenance,<br />o    prévenir les services d’urgence concernés,<br />-        assure une fonction de relais jour-nuit, participe au projet d'établissement ou de service et contribue à la mise en œuvre des projets individuels des bénéficiaires. Il est tenu au secret professionnel.<br />Le surveillant - visiteur de nuit peut aussi, selon le contexte d'emploi, assurer des tâches d'hygiène et d'entretien des locaux. De même il peut être amené à assurer une fonction d'hôtellerie (entretien du linge, préparation du repas). Ces activités sont plus ou moins importantes en temps. Dans tous les cas, ces activités restent complémentaires par rapport aux activités principales du surveillant visiteur de nuit qui sont la surveillance des personnes, l'accompagnement personnalisé, la sécurité des locaux, la communication et le travail en équipe. Il peut également être amené à assurer des fonctions d'animation en soirée pour des structures sociales (Foyer de Jeunes Travailleurs, Maisons d'Enfants à Caractère Social etc.).</p>","<p>La certification « surveillant(e)– visiteur de nuit » atteste de capacités dans quatre domaines de compétences :</p> <p><br />SECURITE DES PERSONNES ET DES BIENS</p> <p>Assurer une veille ""active"" des personnes, en tenant compte des informations recueillies à sa prise de poste, en respectant l'intimité de la personne et les consignes institutionnelles. Assurer la surveillance des locaux et des équipements et en garantir la sécurité, en tenant compte des informations recueilies à sa prise de poste. En fonction du degré de dysfonctionnement, agir directement, transmettre l'information par écrit et par oral au service de maintenance, prévenir les services d'urgence concernés.</p>  <p>ACCOMPAGNEMENT DE LA PERSONNE VULNERABLE    </p> <p>Garantir les conditions de repos de la personne en l'accompagnant dans ses besoins et attentes et en respectant son intimité. Participer à la mise en oeuvre du pojet individuel. Tenir compte des problématiques individuelles des personnes.</p>  <p>COMMUNICATION DANS UN CADRE INSTITUTIONNEL</p> <p>Assurer une fonction de relais jour-nuit, participer au projet d'établissement ou de service et contribuer à la mise en oeuvre des projets individuels des personnes. Appliquer le principe du secret professionnel. Ajuster sa communication en fonction de l'interlocuteur, se situer dans cet environnement professionnel en en respectant le cadre légal et faire circuler l'information à bon escient.</p>  <p>PROFESSIONNEL DE NUIT EN SECTEUR SOCIAL ET MEDICO-SOCIAL</p> <p>Assurer la sécurité des personnes et des biens, accompagner la personne vulnérable, communiquer dans le cadre d'une organisation professionnelle. Etre un professionnel de nuit dans le secteur social et médico-social travaillant de façon isolée et confronté à des situations complexes de travail. S'inscrire dans une organisation qui permet une prise de recul pour définir les limites de son travail et s'inscrire de façon durable et constructive dans cette activité.</p>","<p>De nombreuses dénominations existent, pour des emplois proches ou similaires : surveillant de nuit, agent social de nuit, agent de service hospitalier surveillant de nuit, agent de nuit, garde de nuit itinérant, permanent de nuit, visiteur de nuit, auxiliaire de nuit...</p>","<p>Le surveillant - visiteur de nuit exerce :<br />-          en structure collective d’hébergement ou de soins :<br />maisons de retraite, EHPAD, EHPA, SSR, foyers logement, MARPA, unités de vie, résidences sénior, foyers d'hébergement, foyers de vie ou foyers occupationnels et thérapeutiques, MAS, foyers d'accueil médicalisés, structures pour personnes adultes handicapées vieillissantes, maisons relais, établissements publics de santé mentale, SSR addictologie, CHRS, communautés d'Emmaüs, centre d'accueil pour demandeurs d'asile, centre d'accueil et d'orientation de migrants, services d'accueil de mineurs isolés étrangers, foyers de jeunes travailleurs, maisons de relais pour femmes en difficulté, résidences sociales, internat attenant à un IME, un IEM ou un ITEP, foyers de l'enfance, maison d'enfants à caractère social, villages d’enfants, centres éducatif renfocé, centre éducatif fermé, Internat des Instituts Scolaires Educatifs et Professionnels, Foyer protection judiciaire de la jeunesse<br />-          ou au domicile d'un ou de plusieurs particuliers.<br />Il intervient auprès de publics variés :<br />-          personnes âgées,<br />-          adultes et enfants en situation de hanicap,<br />-          adultes en situation de précarité,<br />-          enfants en difficulté sociale ou familiale.</p>"
"13905","","Services aux personnes et aux territoires","bac-pro-services-aux-personnes-et-aux-territoires","BAC PRO",4,"<p>Le titulaire de ce diplôme offre des services de proximité aux personnes et aux territoires : services à destination des populations, services aux collectivités et aux entreprises ; services qui contribuent à l'attractivité et à la cohésion des territoires ruraux (services sociaux, prestations liées aux transports, aux loisirs, aux activités culturelles et sportives, au tourisme).</p> <p>Il doit être  polyvalent, mobile, adaptable, doté de bonnes capacités relationnelles et avoir des facilités de communication.</p> <p>Il doit être en mesure de travailler au contact de publics variés, parfois difficiles, et il doit connaître les atouts et particularités de son territoire.</p> <p>Il doit pouvoir organiser et animer des réunions avec les acteurs, dont les élus de son secteur, élaborer et suivre des projets, mettre en place des activités de loisirs à destination des publics dont il a la charge.</p>","<p><b><i>Capacités générales</i></b></p> <p>C1- Communiquer dans un contexte social et professionnel en mobilisant des références culturelles</p> <p>C2- Communiquer dans une langue étrangère dans les situations courantes de la vie professionnelle</p> <p>C3- Développer sa motricité</p> <p>C4- Mettre en œuvre des savoirs et savoir-faire scientifiques et techniques</p> <p><b><i>Capacités professionnelles</i></b></p> <p>C5- Analyser les besoins des personnes liés à une activité de service</p> <p>C6- Caractériser le contexte socioprofessionnel et territorial des activités de service</p> <p>C7- Communiquer en situation professionnelle</p> <p>C8- Organiser le travail d’une équipe dans le cadre d’une activité de service</p> <p>C9- Conduire en autonomie une activité d’accompagnement de la personne dans une perspective de confort, d’hygiène et de sécurité et d’existence de vie sociale</p> <p>C10- Conduire en autonomie un service destiné aux acteurs et aux usagers d’un territoire</p> <p>C11-S’adapter à des enjeux professionnels  particuliers</p>","<p>Agent d'animation, Aide familiale, Médiateur territorial</p>","<p>Le titulaire de ce diplôme exerce son activité au sein de structures de type associatif (ADMR, FEOSAD, centre de loisirs), d'organismes publics (CCAS, action sociale), des structures privées (tourisme) ou d'employeurs particuliers.</p>"
"17163","","Conducteur-e accompagnateur-e de personnes à mobilité réduite","diplome-conducteur-e-accompagnateur-e-de-personnes-a-mobilite-reduite","Diplôme",3,"<p>Le conducteur accompagnateur accompagne les personnes à mobilité réduite du fait d'un handicap physique, mental, sensoriel ou intellectuel ou d'une forme de dépendance quelle qu'elle soit qui rend impossibles les déplacements sans accompagnement. Il accompagne un ou plusieurs personnes (8 maximum) en véhicule léger de moins de 10 places, spécialement équipé ou non, en transport en commun ou à pied dans les déplacements de la vie quotidienne. Le conducteur accompagnateur doit être capable d'apporter une aide aux personnes depuis le lieu de prise en charge (domicile ou autre) jusqu'au lieu de destination, de manière à toujours laisser la personne transportée en position sécurisée, à l'exclusion de toute autre prestation à caractère médical ou paramédical et de portage.</p> <p>Ses activités principales concernent:</p> <p>_L'accompagnement de la personne à mobilité réduite</p> <p>_ La conduite et la sécurité des personnes et des biens</p> <p>_ La communication institutionnelle</p> <p>_ La pratique professionnelle du conducteur accompagnateur de personnes à mobilité réduite</p>","<p>Le (la) titulaire est capable de:</p> <p><b>Accompagner la personne à mobilité réduite</b></p> <p>Assurer et adapter la prestation auprès de personnes à mobilité réduite, depuis le domicile jusqu'à la destination prévue. Participer à l'inclusion sociale des personnes, favoriser ainsi l'accès à des situations variées (travail, sports, soins, courses, loisirs, culture...); prendre en compte la spécificité de chaque personne et pouvoir assurer l'accompagnement d'un groupe de maximum 8 personnes dans le véhicule.</p> <p><b>Conduire et assurer la sécurité des personnes et des biens</b></p> <p>Assurer la sécurité des personnes lors du transport dans le véhicule. Maîtriser la conduite et les aspects techniques liés au véhicule, ainsi que les gestes et attitudes concourant au confort et la sécurité des passagers.</p> <p><b>Communiquer dans un cadre institutionnel donné</b></p> <p>Travailler dans un environnement avec de multiples acteurs. Ajuster sa communication en fonction de l'interlocuteur, se situer dans cet environnement professionnel en en respectant le cadre légal et faire circuler l'information à bon escient.</p> <p><b>Etre un conducteur accompagnateur de personnes à mobilité réduite professionnel</b></p> <p>Assurer la conduite, la sécurité et l'accompagnement des personnes fragiles dans le cadre d'une organisation. Etre un professionnel travaillant de façon isolée et confronté à des situations complexes de travail. S'inscrire dans une organisation qui permet une prise de recul pour définir les limites de son travail et s'inscrire de façons durable et constructive dans cette activité.</p>","<p>Conducteur-accompagnateur, chauffeur-accompagnateur, chauffeur pour personnes à mobilité réduite, </p>","<p>Le conducteur accompagnateur de personnes à mobilité réduite exerce dans différents types de structure, principalement :<br />-          Entreprises de transport adapté<br />-          Centres Communaux et Intercommunaux d’Actions Sociale (CCAS, CIAS)<br />-          Structures de Service à la Personne<br />-          Institutions diverses : EHPAD, IME, …<br />-          Auto-entreprenariat</p>"
"25085","","Services aux personnes et vente en espace rural","capa-services-aux-personnes-et-vente-en-espace-rural","CAPA",3,"<p>Pour le champ professionnel ""services aux personnes"" :</p> <p>Le titulaire du diplôme est un employé qualifié de niveau V, qui assure des activités de services aux personnes, qui se définissent comme l'ensemble des activités contribuant au mieux-être des personnes. Il s'agit d'un secteur très diversifié et le titulaire du diplôme exerce son métier auprès de nombreux publics et notamment des publics dits fragiles : petite enfance, personnes handicapées, personnes âgées ou/et dépendantes.</p> <p>Il réalise ses activités sous le contrôle d'un encadrement ou de l’employeur, mais il doit faire preuve d’initiatives dans les tâches d'entretien et d'hygiène et dans les relations qu'il entretient avec les personnes dont il a la charge.</p> <p>Pour le champ professionnel ""acceuil-vente"" :</p> <p>Le titulaire du diplôme est un employé qualifié de niveau V, qui assure des activités d’accueil - vente. Il exerce son métier auprès de publics et clients divers, dans des commerces  ruraux, de proximité et de première nécessité, dans des activités de services, et dans des commerces non sédentaires. Ces métiers s'exercent au sein de magasins de détail en alimentation générale ou spécialisée, d'entreprises artisanales (fromagerie, boucherie, boulangerie, ...), de petites et moyennes surfaces ou sur les marchés, par exemple. Le titulaire de l’emploi est en contact avec les clients, il doit faire preuve d’une certaine rigueur et autonomie dans les tâches et dans les relations qu'il entretient avec les clients. Il réalise les activités sous le contrôle d'un encadrement ou de l’employeur.</p>","<p><b>Capacités générales </b></p> <p>CG1 - Agir dans des situations de la vie courante à l’aide de repères sociaux</p> <p>CG2 - Mettre en œuvre des actions contribuant à sa construction personnelle</p> <p>CG3 - Interagir avec son environnement social</p> <p><b>Capacités professionnelles</b></p> <p>CP4 - Établir une communication avec la personne et son entrourage en lien avec son environnement</p> <p>CP5 - Réaliser des interventions d’aide à la personne</p> <p>CP6 - Réaliser des activités de vente</p> <p>CP7 - S’adapter à des enjeux professionnels locaux</p>","<p>Aide à domicile, garde malade, employé-e à domicile auprès d’enfants(employé(e) familial(e), nourrice, garde d’enfant à domicile, auxiliaire de vie auprès d’enfants), Assistant-e à la vie quotidienne des personnes âgées, dépendantes ou handicapées.</p> <p>Assistant-e de vie scolaire, agent territorial spécialisé des écoles maternelles (ATSEM), employé(e) de structures d’accueil pour la petite enfance (crèche, halte garderie…).</p> <p>Employé(e) de structures (maisons de retraites, EHPAD…) pour les personnes âgées ou/et dépendantes (à l’exclusion des soins).</p> <p>Employé(e) de collectivités locales (cantine, entretien des locaux…), agent des services hospitaliers, agent de propreté hospitalière, agent hôtelier hospitalier.</p> <p>Employé(e) de structures d’accueil de loisirs en milieu rural (gîtes, chambres d’hôtes…).</p> <p>Vendeur / vendeuse en alimentation (générale, produits frais,  fruits et légumes, épicerie, boucherie-charcuterie, poissonnerie, boulangerie-pâtisserie), en prêt-à-porter, en bricolage, en équipement du foyer, en articles de bazar.</p> <p>.</p>","<p></p> <p></p> <p>Le secteur des services à la personne a de larges contours et les emplois de services s’organisent et se construisent à partir des demandes des populations locales. Le secteur couvre une grande palette de métiers, d’emplois et d’activités, dont celles liées au milieu rural. Elles concernent la tenue de petits commerces alimentaires et de proximité, les soins aux animaux, ou encore les activités d’accueil de très jeunes enfants. Elles mobilisent également des compétences du secteur du bâtiment pour des petits travaux d’entretien de la maison ou d’adaptation du logement à la dépendance. Des techniques de bases des préparations culinaires sont en particulier requises dans les activités d’aide à domicile.</p>"
"34690","","Assistant de vie dépendance","diplome-assistant-de-vie-dependance","Diplôme",3,"<p></p> <ul>   <li>Développement de son activité professionnelle auprès de plusieurs particuliers employeurs</li>   <li>Gestion de son activité professionnelles auprès de particuliers employeurs</li>   <li>Prévention et sécurité au domicile</li>   <li>Entretien du domicile et du linge : pratiques éco-responsables</li>   <li>Personne âgée en situation de dépendance : accompagnement personnalisé </li>   <li>Personne en situation de handicap : projet et accompagnement personnalisé</li>   <li>Actes du quotidien et activités de l'adulte en situation de dépendance</li>   <li>Repas auprès d'adultes en situation de dépendance</li> </ul>","<p>L’assistant de vie dépendance gère son activité multi-employeurs. Pour cela il construit et initialise son activité professionnelle, organise son activité multi-employeurs en prenant contact avec les acteurs de son environnement professionnel pour mettre en place un plan d’action pour sa recherche/son développement d’activité.</p> <p><br> Il organise l'espace professionnel en aménageant et sécurisant le logement et les espaces de vie et de loisirs, en fonction d’une évaluation des risques présents au domicile.<br> Il instaure une relation et une communication efficaces grâce au recueil des informations nécessaires à l’accompagnement, à la définition des limites des interventions, à l’adaptation du positionnement en fonction de la souffrance de la personne accompagnée ou du désarroi des familles.</p> <p><br> Il entretient le cadre de vie et prépare les repas dans le respect des consignes données par le particulier employeur et des règles d’hygiène et de sécurité des différents protocoles professionnels d’entretien du cadre de vie et du linge de la personne aidée.</p> <p>Il réalise et/ou accompagne les différentes étapes de préparation et d’administration des repas conformément aux habitudes et aux besoins du particulier employeur. Pour ces deux domaines, il peut être amené à gérer des stocks et de l’approvisionnement.<br> Il maintient ou crée un lien entre la personne accompagnée et son environnement.</p> <p>Pour cela il réalise les activités suivantes : aide à la réalisation de soins d’hygiène corporelle de la personne accompagnée ; accompagnement d’une personne à mobilité réduite dans ses sorties en veillant à sa sécurité avec l'équipement adapté ; identification des signes d’évolution de l'état de santé, adaptation des activités en conséquence et compte rendu ; partage des informations importantes avec les différents acteurs intervenant au domicile de la personne accompagnée ; réalisation des tâches administratives simples pour le compte de la personne accompagnée dans les limites du respect de la confidentialité.<br> </p> <p>Il accompagne la personne dépendante dans la réalisation des actes de la vie quotidienne. Il accompagnement la personne à la réalisation de tout ou partie de ses activités, de ses tâches (cuisine, nettoyage, …) ; en associant, autant que faire se peut, la personne accompagnée à la réalisation des activités quotidiennes selon son degré d’autonomie ; en identifiant les activités contribuant à rompre l'isolement de la personne accompagnée (lecture, conversation, sorties, …) ; en proposant des activités sociales, de loisir, adaptées à l’état psychologique, au degré d’autonomie de la personne accompagnée.</p> <p><br> Il répond aux besoins de la personne accompagnée dans son environnement. Pour cela, il réalise les tâches suivantes : définition avec l’employeur/la famille de la « feuille de route » de la mission et des modalités de restitution des informations liées à l'accompagnement ; identification des particularités culturelles susceptibles d'influencer l'accompagnement ; association de la personne accompagnée à l'utilisation des nouvelles technologies (messagerie électronique, Internet, …) pour garder le contact avec son environnement (famille, amis, …). </p>","<p>Assistant de vie – Auxiliaire de vie – Aide aux personnes âgées </p>","<p>L’assistant de vie dépendance exerce principalement au domicile des particuliers employeurs (domicile privé, foyer-logements, résidence-services...). Il peut exercer auprès d'un seul employeur ou auprès d'employeurs multiples, l’employeur pouvant ou non être accompagné par une structure mandataire. </p>"
"34691","","Assistant maternel / Garde d'enfants","diplome-assistant-maternel-garde-d-enfants","Diplôme",3,"<p></p> <ul>   <li>Développement de son activité professionnelle auprès de plusieurs particuliers employeurs</li>   <li>Gestion de son activité professionnelles auprès de particuliers employeurs</li>   <li>Prévention et sécurité au domicile</li>   <li>Entretien du domicile et du linge : pratiques éco-responsables</li>   <li>Projet d'accueil et d'accompagnement personnalisé de l'enfant </li>   <li>Accompagnement aux actes quotidiens de l'enfant</li>   <li>Activités d'éveil et de socialisation contribuant au développement de l'enfant </li>   <li>Repas de l'enfant</li> </ul>","<p>L’Assistant maternel – Garde d’enfants gère son activité multi-employeurs. Pour cela il construit et initialise son activité professionnelle, organise son activité multi-employeurs en prenant contact avec les acteurs de son environnement professionnel pour mettre en place un plan d’action pour sa recherche/son développement d’activité. </p> <p>Il organise l'espace professionnel en aménageant et sécurisant le logement et les espaces de vie et de loisirs, en fonction d’une évaluation des risques présents au domicile. Il instaure une relation et une communication efficaces grâce au recueil des informations nécessaires à l’accompagnement, à la définition des limites des interventions, à l’adaptation du positionnement en fonction des situations familiales rencontrées. </p> <p>Il répond aux besoins de l’enfant dans son environnement pour cela il veille à l’hygiène des lieux où le jeune enfant exerce ses activités ; il conçoit, propose et réalise des menus équilibrés. Il contribue à l’hygiène, à la nutrition et au développement de l’enfant de moins de trois ans en diversifiant les activités d’éveil, accompagnant l’enfant dans la prise de son repas, procédant à la toilette. </p> <p>Il favorise le développement, l’autonomie et l’éveil de l’enfant de plus de trois ans en réalisant les activités suivantes : surveiller et prévenir les risques liés à la prise d’autonomie de l’enfant, accompagner des activités d’éveil, animer une activité avec plusieurs enfants; et en l'accompagnant dans le vie quotidienne, et dans ses trajets.</p>","<p>Assistant maternel – Garde d'enfant – Auxiliaire parental</p>","<p>L’Assistant maternel exerce son métier dans son domicile privé seul et/ou en présence de sa famille ainsi que dans des Maisons d’Assistants Maternels (MAM).</p> <p>Le Garde d’enfants exerce au domicile des parents du ou des enfants en charge. Le garde d’enfant peut également travailler alternativement dans deux domiciles différents en cas de garde partagée. </p>"
"34692","","Employé familial","diplome-employe-familial","Diplôme",3,"<ul>   <li>Développement de son activité professionnelle auprès de plusieurs particuliers employeurs</li>   <li>Gestion de son activité professionnelles auprès de particuliers employeurs</li>   <li>Prévention et sécurité au domicile</li>   <li>Entretien du domicile et du linge : pratiques éco-responsables</li>   <li>Services personnalisés aux familles</li>   <li>Activités auprès de personnes âgées autonomes</li>   <li>Actes du quotidien et activités de l'enfant de plus de trois ans </li>   <li>Repas au domicile du particulier employeur</li> </ul>","<p>L’employé familial gère son activité multi-employeurs. Pour cela il construit et initialise son activité professionnelle, organise son activité multi-employeurs en prenant contact avec les acteurs de son environnement professionnel pour mettre en place un plan d’action pour sa recherche/son développement d’activité.</p> <p><br> Il organise l'espace professionnel en aménageant et sécurisant le logement et les espaces de vie et de loisirs, en fonction d’une évaluation des risques présents au domicile.</p> <p><br> Il instaure une relation et une communication efficaces grâce au recueil des informations nécessaires à l’accompagnement, à la définition des limites des interventions, à l’adaptation du positionnement en fonction de la souffrance de la personne accompagnée ou du désarroi des familles.</p> <p><br> Il entretient le cadre de vie et prépare les repas dans le respect des consignes données par le particulier employeur et des règles d’hygiène et de sécurité des différents protocoles professionnels d’entretien du cadre de vie et du linge de la personne aidée. Il réalise et/ou accompagne les différentes étapes de préparation et d’administration des repas conformément aux habitudes et aux besoins du particulier employeur. Pour ces deux domaines, il peut être amené à gérer des stocks et de l’approvisionnement.</p> <p><br> Il est acteur de la prévention de la perte d’autonomie d’une personne âgée pour cela il implique la personne accompagnée dans la réalisation des actes de la vie quotidienne ; maintient un lien entre la personne accompagnée, son environnement extérieur et ses proches. Il observe les signes précurseurs d’une pathologie liée au vieillissement et en rend compte à l‘entourage.</p> <p><br> Il accompagne l’enfant de plus de trois ans dans la vie quotidienne. Il propose et mets en œuvre des activités. Il accompagne l’enfant à réaliser les soins courants d’hygiène, à préparer un trajet.</p>","<p>Employé familial – Aide ménager - Employé de maison - Agent à domicile </p>","<p>L’employé familial exerce au domicile des particuliers employeurs. Il peut exercer auprès d'un seul employeur ou auprès d'employeurs multiples, l’employeur pouvant ou non être accompagné par une structure mandataire. </p>"
"34827","","Educateur de jeunes enfants","de-educateur-de-jeunes-enfants","DE",6,"<p>L’éducateur de jeunes enfants contribue au bien-être, à l’épanouissement et à l’autonomie de l’enfant de la naissance à 7 ans, au sein du groupe et dans son environnement. Son intervention vise à favoriser un développement global et harmonieux. En créant un environnement bienveillant, riche et motivant, il permet l’expression des potentialités motrices, affectives, cognitives, sensorielles et langagières de l’enfant. Il contribue ainsi à leur éveil, à leur socialisation et à leur inclusion sociale. L’éducateur de jeunes enfants adapte ses interventions aux différentes populations, favorise le lien social et accompagne à la parentalité.</p> <p>L’éducateur de jeunes enfants instaure une relation et accompagne le jeune enfant dans son développement en coopération avec sa famille et dans son environnement social.</p> <p>Il établit au quotidien une relation personnalisée et respectueuse de l’enfant. <br> Il observe et analyse les situations quotidiennes vécues par l’enfant pour s’ajuster au mieux aux besoins de l’enfant et favoriser ses capacités d’expression, de communication, de socialisation par différentes médiations. <br> Il inscrit sa pratique dans une démarche de prévention précoce.</p> <p>A partir de ses connaissances spécifiques du développement du jeune enfant, il contribue à l’élaboration et à la mise en œuvre du projet social, éducatif et pédagogique et il veille au maintien de la continuité éducative dans le respect du milieu familial, social et culturel de l’enfant. </p> <p>L’éducateur de jeunes enfants conçoit les modalités d’intervention pour conduire et coordonner l’action éducative au sein de sa structure en inscrivant son accompagnement dans une temporalité qui tient compte des potentialités et du rythme de l’enfant. </p> <p>En lien avec les cadres institutionnels et des réseaux partenaires, il développe l’action éducative sur le territoire.</p> <p>Il participe à la coordination des accompagnements pluridisciplinaires nécessaires à l’enfant et à sa famille dans le respect de leurs intérêts et de leurs droits.</p> <p>En émettant des propositions auprès des représentants des politiques sociales et territoriales, il contribue à la compréhension et à l’évolution du domaine éducatif et social de la petite enfance.</p> <p>Il développe un positionnement sur le sens de son action. <br> Il peut construire des actions innovantes spécifiques concernant le développement de l’enfant, la relation parent-enfant et l’accueil du jeune enfant en situation de handicap. Il est amené à développer des actions de prévention en lien avec le domaine de la petite enfance et celui de l’accompagnement à la parentalité.</p> <p>Dans un but de transmission de connaissances et de savoir-faire professionnels, et après l’acquisition d’une expérience significative, le professionnel participe au processus de professionnalisation y compris en exerçant des fonctions de référent professionnel auprès des personnes en formation (initiale ou continue) en lien avec les établissements de formation. </p>","<p><strong>Domaine de compétences 1 : Accueil et accompagnement du jeune enfant et de sa famille </strong></p> <p>Bloc de compétences n° 1 : Accompagnement individuel et collectif du jeune enfant </p> <p>Bloc de compétences n° 2 : Analyse de la construction d'un projet d'accompagnement de la famille </p> <p><br></p> <p><strong>Domaine de compétences 2 : Action éducative en direction du jeune enfant</strong></p> <p>Bloc de compétences n° 3 : Conception et conduite du projet éducatif </p> <p>Bloc de compétences n° 4 : Prévention et santé du jeune enfant </p> <p></p> <p><strong>Domaine de compétences 3 : Communication professionnelle </strong></p> <p>Bloc de compétences n° 5 : Expression et communication écrite et orale </p> <p>Bloc de compétences n° 6 : Communication professionnelle en travail social </p> <p><br></p> <p><strong>Domaine de compétences 4 : Dynamiques interinstitutionnelles, partenariats et réseaux</strong></p> <p>Bloc de compétences n° 7 : Connaissance et analyse des contextes institutionnels </p> <p>Bloc de compétences n° 8 : Mobilisation des acteurs et des partenaires </p>","<p>Educateur de jeunes enfants</p>","<p><strong>Employeurs </strong>Collectivités locales, associations, entreprises, établissements publics, les trois fonctions publiques (Etat, Hospitalière, Territoriale) … </p> <p><strong>Politiques sociales </strong>Protection de l’enfance, protection maternelle et infantile, accueil et éveil de la petite enfance, aide sociale à l’enfance (ASE), services d'éducation spéciale et de soins à domicile (SESSAD), … </p> <p><strong>Lieux d’intervention </strong>Crèches, ludothèques, centres de loisirs, centres de vacances, Relais Assistants Maternels, hôpitaux, établissements d’accueil mères-enfants, Instituts médico-éducatifs, centres médico-psychopédagogiques (CMPP), pouponnières, maisons d’enfants à caractère social (MECS)… </p>"
"35028","","Agent de service médico-social","tp-agent-de-service-medico-social","TP",3,"<p>L'agent de service médico-social réalise le nettoyage et le bionettoyage des locaux de l'établissement et contribue aux prestations du service hôtelier. Dans le respect des limites de sa fiche de poste et des compétences de chaque métier, l'agent de service médico-social vient en appui de l'équipe soignante pour accompagner le résident dans les gestes de la vie quotidienne. Il prend en compte la disposition psychique et l'état physique du résident au moment où il intervient auprès de lui ou dans son espace.</p> <p>Tout au long de son service, l'agent de service médico-social est attentif au résident, communique avec lui de manière adaptée et bienveillante. Il exerce ses activités en faisant preuve de non-discrimination.</p> <p>Tout au long de son service, l'agent de service médico-social respecte les standards de qualité de l'établissement et les règles d'hygiène. Il se protège en respectant les mesures de prévention des risques professionnels.</p> <p>Afin de maintenir les locaux et sanitaires commun ainsi que les locaux administratifs en état de propreté et d'hygiène, l'agent de service médico-social nettoie les surfaces avec les techniques appropriées, dans le respect de la fiche de poste et des modes opératoires. Il utilise les matériels et produits adaptés aux prestations et veille à la sécurité des usagers.</p> <p>Dans les chambres et salles de bains des résidents ainsi que dans d'autres locaux et équipements à risque infectieux, il applique les protocoles de bionettoyage afin d'atteindre une réduction de la contamination biologique des surfaces.</p> <p>L'agent de service médico-social participe au service du linge personnel des résidents et du linge de l'établissement. Il contribue au service des repas des résidents en chambre ou dans la salle à manger.</p> <p>Selon les consignes du responsable soignant l'agent de service médico-social aide le résident dans ses déplacements et lors de ses repas.</p> <p>L'agent de service médico-social est conscient que la chambre du résident est son « chez-soi », il respecte la vie privée et intime du résident lors de ses interventions. Au sein d'une équipe pluriprofessionnelle, il participe à la préservation de l'autonomie du résident, au maintien des acquis et au ralentissement de la perte de capacités. Il tient compte du projet d'accompagnement personnalisé, des besoins et des souhaits du résident. Il communique de manière adaptée avec les familles et les visiteurs et contribue à l'image de l'établissement.</p> <p>En fin de service l'agent de service médico-social renseigne le support de traçabilité. Une application numérique peut être utilisée pour la transmission des informations.</p> <p>Il participe aux réunions de transmissions pluriprofessionnelles. Il transmet toute observation liée à un état inhabituel du résident au personnel soignant et participe à la traçabilité des comportements perturbateurs habituels du résident. Il partage des informations utiles à la mise à jour du plan d'accompagnement personnalisé (PAP) du résident. Il a une obligation de discrétion professionnelle.</p> <p>L'emploi exige une station debout prolongée avec un rythme de travail soutenu. Le port d‘une tenue professionnelle adaptée et dédiée à l'activité est requis. Si nécessaire pour l'activité, le port d'un équipement de protection individuelle approprié est exigé.</p> <p>Le travail peut s'exercer en horaires décalés ou coupés, tous les jours de la semaine, y compris le weekend, les jours fériés et parfois la nuit.</p>","<ol>   <li>Réaliser le nettoyage et le bionettoyage des locaux en s'adaptant à la présence des résidents</li> </ol> <ul>   <li>Nettoyer les locaux et les sanitaires communs dans le respect des modes opératoires</li>   <li>Appliquer des protocoles de bionettoyage des chambres et des surfaces</li> </ul> <p>2. Contribuer aux prestations du service hôtelier en respectant les standards de qualité de l'établissement</p> <ul>   <li>Contribuer au service du linge des résidents et de l'établissement</li>   <li>Contribuer au service des repas des résidents</li> </ul> <p>3. Accompagner le résident dans les gestes de la vie quotidienne en tenant compte du projet d'accompagnement personnalisé</p> <ul>   <li>Accompagner le résident dans ses déplacements</li>   <li>Accompagner le résident à prendre son repas et à boire</li> </ul> <p>Compétences transversales de l'emploi :</p> <ul>   <li>communiquer avec le résident, les visiteurs et l'équipe pluriprofessionnelle</li>   <li>respecter les règles d'hygiène et de sécurité en vigueur dans l'établissement</li>   <li>mettre en œuvre des modes opératoires et des protocoles en vigueur dans l'établissement</li> </ul>","<ul>   <li>agent de service hôtelier</li>   <li>agent hôtelier</li>   <li>agent de service logistique</li>   <li>agent de service hospitalier</li>   <li>agent de service hébergement</li>   <li>agent de service intérieur</li> </ul>","<ul>   <li>les établissements médico-sociaux d'accueil ou d'hébergement des personnes en perte d'autonomie :</li>   <li>établissements d'hébergement pour personnes âgées (EHPA</li>   <li>établissements d'hébergement pour personnes âgées dépendantes (EHPAD)</li>   <li>petites unités de vie (PUV)</li>   <li>résidences autonomie</li>   <li>accueils de jour</li>   <li>les établissements médico-sociaux d'accueil ou d'hébergement des personnes en situation de handicap</li>   <li>les entreprises assurant l'externalisation du nettoyage et du bionettoyage dans les établissements médico- sociaux</li> </ul>"
"35506","","Assistant de vie aux familles","tp-assistant-de-vie-aux-familles","TP",3,"<p>L’ADVF réalise pour les particuliers l’entretien courant de leur logement et de leur linge en veillant à la qualité de sa prestation et en respectant les règles d’hygiène. Il (elle) intègre dans sa pratique les principes du développement durable.</p> <p>Il (elle) accompagne les personnes fragilisées dans les actes essentiels de la vie quotidienne. L’ADVF les assiste pour s’habiller, pour faire leur toilette et pour se déplacer. Il (elle) les aide à préparer les repas et à faire les courses, à préserver les relations et les activités sociales. Il (elle) tient compte des attentes, des besoins et des consignes de la personne aidée et de son entourage. Il (elle) organise son travail de façon rationnelle et est réactif (réactive) face aux changements, aux imprévus et aux différentes façons de faire et d’être des personnes. L’ADVF adapte ses activités en fonction du degré de dépendance des personnes, en fonction des conditions matérielles et de la présence éventuelle d’autres intervenants. Il (elle) peut être amené à utiliser un cahier de liaison permettant la transmission d’informations et la passation de consignes.</p> <p>L’ADVF assure essentiellement la garde de jeunes enfants, mais il (elle) peut également intervenir auprès d’enfants scolarisés (hors soutien scolaire).</p> <p>Il (elle) intervient dans le respect des consignes des parents et des habitudes familiales pour le lever et le coucher des enfants, la toilette et le repas. Sa prestation est réalisée dans l’objectif de contribuer aux apprentissages de base des enfants. Il (elle) organise des activités ou des sorties en fonction de l’âge et du nombre d’enfants.</p> <p>L’ADVF peut intervenir auprès de personnes en situation de handicap vivant à domicile. Dans l’exercice de ses activités, l’ADVF peut être amené(e) à mettre en œuvre les compétences attestées par le certificat d’acteur prévention secours du secteur de l’aide à domicile (APS-ASD)* ou par le certificat Sauveteur secouriste du travail (SST). Il (elle) veille à la sécurité des personnes et préserve sa propre sécurité en appliquant les gestes et les postures adaptés. En situation d’urgence, il (elle) applique les gestes de premiers secours et alerte les intervenants concernés.</p> <p>L'ADVF tient compte des limites de sa fonction et du cadre d’intervention convenu avec la personne aidée ou les parents.</p> <p>Il (elle) est en relation avec les proches de la personne aidée et les parents des enfants, avec l’encadrant de l’entreprise ou de l’association, des professionnels de la santé et avec d’autres prestataires de services. Il (elle) respecte la confidentialité des informations reçues.</p> <p>L’emploi s’exerce le plus souvent à temps partiel. Les horaires sont en discontinu et les plannings variables. Le travail peut s’effectuer durant la journée et parfois la nuit, tous les jours de la semaine, y compris le weekend. Il nécessite des déplacements sur les différents lieux d’intervention. La possession du permis de conduire et d’un véhicule est souvent nécessaire.</p>","<p>1. Entretenir le logement et le linge d’un particulier</p> <p>Etablir une relation professionnelle dans le cadre d’une prestation d’entretien chez un particulier </p> <p>Prévenir les risques domestiques et travailler en sécurité au domicile d’un particulier</p> <p>Entretenir le logement avec les techniques et les gestes professionnels appropriés</p> <p>Entretenir le linge avec les techniques et les gestes professionnels appropriés</p> <p>2. Accompagner la personne dans les actes essentiels du quotidien</p> <p>Établir une relation professionnelle avec la personne aidée et son entourage </p> <p>Prévenir les risques, mettre en place un relais et faire face aux situations d'urgence dans le cadre d’une prestation d’accompagnement </p> <p>Contribuer à l'autonomie physique, intellectuelle et sociale de la personne</p> <p>Aider la personne à faire sa toilette, à s’habiller et à se déplacer</p> <p>Assister la personne lors des courses, de la préparation et de la prise des repas </p> <p>3. Relayer les parents dans la prise en charge des enfants à leur domicile</p> <p>Définir avec les parents le cadre de l’intervention auprès des enfants</p> <p>Prévenir les risques et assurer la sécurité des enfants</p> <p>Accompagner les enfants dans leurs apprentissages de base, dans leur socialisation et lors de leurs activités</p> <p>Mettre en œuvre les gestes et les techniques professionnels appropriés lors des levers et couchers, de la toilette, de l'habillage et des repas</p> <p>CCS : Accompagner la personne en situation de handicap vivant à domicile</p> <p>Prendre en compte la personne en situation de handicap dans son cadre de vie et en lien avec son entourage </p> <p>Aider la personne en situation de handicap à maintenir le lien social et l’accompagner dans la réalisation de son projet de vie</p> <p>Mettre en œuvre les techniques et gestes professionnels appropriés dans l'aide à la personne en situation de handicap</p>","<p>Les types d’emplois accessibles sont les suivants :</p> <p>- Auxiliaire de vie</p> <p>- Assistant de vie</p> <p>- Assistant ménager</p> <p>- Agent à domicile</p> <p>- Garde d’enfant à domicile</p> <p>- Garde à domicile</p> <p></p>","<p>Les différents secteurs d’activités concernés sont principalement :</p> <p>L’emploi d’ADVF s'exerce le plus souvent au domicile des particuliers et parfois dans leur espace privé au sein de structures collectives. Il peut s'exercer auprès d'un seul employeur ou auprès d'employeurs multiples, en emploi direct ou en mandataire (l’employeur est la personne aidée) ou en mode prestataire (les employeurs sont les associations ou les entreprises d'aide à domicile).</p> <p></p>"
"35830","","Aide-Soignant","de-aide-soignant","DE",4,"<p>Cinq domaines d'activités ont été définis :</p> <p><ins>Le domaine d’activités 1 (DA1) :</ins> Accompagnement et soins de la personne dans les activités de sa vie quotidienne et de sa vie sociale en repérant les fragilités </p> <p><ins>Le domaine d’activités 2 (DA2) :</ins> Appréciation de l’état clinique de la personne et mise en œuvre de soins adaptés en collaboration avec l’infirmier en intégrant la qualité et la prévention des risques</p> <p><ins>Le domaine d’activités 3 (DA3) : </ins>Information et accompagnement des personnes et de leur entourage, des professionnels et des apprenants</p> <p><ins>Le domaine d’activités 4 (DA4) :</ins> Entretien de l’environnement immédiat de la personne et des matériels liés aux activités de soins, au lieu et aux situations d’intervention</p> <p><ins>Le domaine d’activités 5 (DA5) : </ins>Transmission, quels que soient l’outil et les modalités de communication, des observations recueillies pour maintenir la continuité des soins et des activités. </p>","<p>- Accompagner et soigner la personne dans les activités de sa vie quotidienne et de sa vie sociale </p> <p>- Evaluer l’état clinique et mettre en œuvre les soins adaptés en collaboration </p> <p>- Informer et accompagner les personnes et leur entourage, les professionnels et les apprenants </p> <p>- Entretenir l'environnement immédiat de la personne et des matériels liés aux activités en tenant compte du lieu et des situations d’intervention </p> <p>- Travailler en équipe pluri-professionnelle et traiter des informations liées aux activités de soins, à la qualité/gestion des risques </p>","<p>Aide-soignant</p>","<p>L'activité d'aide-soignant peut être réalisée en structures employeurs, publiques ou privées, du champ sanitaire, social ou médico-social, en établissement, en hospitalisation à domicile ou dans les services d’accompagnement et d’aide à la personne</p>"
"35832","","Auxiliaire de puériculture","de-auxiliaire-de-puericulture","DE",4,"<p>En tant que professionnel(le) de santé, l’auxiliaire de puériculture est autorisé(e) à dispenser des activités d’éveil et d’éducation et réaliser des soins d’hygiène et de confort pour préserver et restaurer la continuité de la vie, le bien-être et l’autonomie de l’enfant, dans le cadre du rôle propre de l’infirmier et des actes spécifiques définis prioritairement pour l’infirmière puéricultrice, en collaboration et dans le cadre d’une responsabilité partagée.</p> <p>Trois missions reflétant la spécificité du métier sont ainsi définies :</p> <p>1. Accompagner l’enfant dans les activités de sa vie quotidienne et sociale;</p> <p>2. Collaborer au projet de soins personnalisé dans son champ de compétences ;</p> <p>3. Contribuer à la prévention des risques et au raisonnement clinique interprofessionnel.</p> <p><br></p> <p>Domaines d'activités :</p> <p>1. Accompagnement et soins de l’enfant dans les activités de sa vie quotidienne et de sa vie sociale en repérant les fragilités.</p> <p>2. Appréciation de l’état clinique de la personne et mise en oeuvre de soins adaptés en collaboration avec l’infirmier en intégrant la qualité et la prévention des risques</p> <p>3. Information et accompagnement des personnes et de leur entourage, des professionnels et des apprenants</p> <p>4. Entretien de l’environnement immédiat de la personne et des matériels liés aux activités de soins, au lieu et aux situations d’intervention</p> <p>5. Transmission, quels que soient l’outil et les modalités de communication, des observations</p>","<p>1. Accompagner l’enfant dans les actes essentiels de la vie quotidienne et de la vie sociale, personnaliser cet accompagnement à partir de l’évaluation de sa situation personnelle et contextuelle et apporter les réajustements nécessaires.</p> <p>1bis. Elaborer et mettre en œuvre des activités d'éveil, de loisirs, d’éducation et d’accompagnement à la vie sociale adaptées à l’enfant ou au groupe.</p> <p>2. Identifier les situations à risque lors de l’accompagnement de l’enfant et de son entourage, mettre en œuvre les actions de prévention adéquates et les évaluer.</p> <p>3. Evaluer l'état clinique d'une personne à tout âge de la vie pour adapter sa prise en soins.</p> <p>4. Mettre en œuvre des soins adaptés à l'état clinique de l’enfant.</p> <p>5. Accompagner la personne dans son installation et ses déplacements en mobilisant ses ressources et en utilisant les techniques préventives de mobilisation.</p> <p>6. Etablir une communication adaptée pour informer et accompagner la personne et son entourage.</p> <p>7. Informer et former les pairs, les personnes en formation et les autres professionnels.</p> <p>8. Utiliser des techniques d'entretien des locaux et du matériel adaptées en prenant en compte la prévention des risques associés.</p> <p>9. Repérer et traiter les anomalies et dysfonctionnements en lien avec l’entretien des locaux et des matériels liés aux activités de soins.</p> <p>10. Rechercher, traiter et transmettre, quels que soient l’outil et les modalités de communication, les données pertinentes pour assurer la continuité et la traçabilité des soins et des activités.</p> <p>11. Organiser son activité, coopérer au sein d'une équipe pluriprofessionnelle et améliorer sa pratique dans le cadre d’une démarche qualité / gestion des risques.</p>","<p>Auxiliaire de puériculture</p>","<p>L'auxiliaire de puériculture peut exercer dans différentes structures employeurs, publiques ou privées, du champ sanitaire, social ou médico-social, en établissement ou en hospitalisation à domicile (maternité, service hospitalier, structure d'accueil de la petite enfance, en crèche, halte-garderie, à domicile...).</p>"
"35993","","Responsable-coordonnateur services au domicile","tp-responsable-coordonnateur-services-au-domicile","TP",5,"<p>Le responsable - coordonnateur services au domicile (RCSAD) élabore et organise des prestations de services pour des clients allant du particulier cherchant des services d'entretien domestiques, aux personnes en perte d'autonomie ou en situation de handicap ayant besoin d'une prestation plus étendue.<br> Le RCSAD est réactif aux aléas et est souvent amené à reconsidérer ses priorités dans l'organisation de ses activités.<br> Il anime et coordonne une équipe d'intervenants dans le souci constant de la sécurité et de la santé des intervenants et de l'amélioration de la qualité du service. Le RCSAD représente la structure auprès de ses interlocuteurs externes.<br> Le responsable - coordonnateur services au domicile analyse, avec le client, ses besoins de services au domicile et l'informe de l'offre de services de la structure. En fonction de la situation du client et de la nature de la prestation, il identifie les dispositifs d'aide et de financement et informe le client des démarches nécessaires à la mobilisation de ces dispositifs.<br> Le RCSAD construit la prestation adaptée, en tenant compte des risques spécifiques et des mesures nécessaires pour les éviter, établit le devis et le présente au client. Il identifie les intervenants compétents et établit le planning des prestations conformément à la législation du travail et en fonction des temps de trajet et des temps de pause des intervenants. Le RCSAD assure la gestion administrative des prestations dans le respect de la législation et des procédures en vigueur dans la structure.<br> Pendant toute la durée du contrat, le RCSAD s'assure régulièrement de la satisfaction du client et veille au maintien de la qualité du service et des conditions de sécurité et de santé au travail. Il s'informe des conditions du déroulement de la prestation auprès des intervenants et propose si nécessaire de la modifier pour l'adapter à l'évolution des besoins.<br> Le RCSAD organise et coordonne l'activité des intervenants à domicile. Il contribue au recrutement des intervenants et sélectionne les candidatures correspondant au profil recherché. Il conduit des entretiens pour identifier les candidats ayant les compétences requises et émet un avis motivé concernant l'embauche. Il accueille les nouveaux intervenants et organise leur parcours d'intégration. Il peut être amené à conduire les entretiens professionnels.<br> Le RCSAD gère les plannings au quotidien ou supervise la planification.<br> Il établit les plannings horaires des intervenants en équilibrant les prestations à forte et faible charge physique et mentale afin de préserver la sécurité et la santé des intervenants. Il organise les remplacements prévus et ceux imposés par les absences imprévues. Il réagit rapidement, s'adapte à la situation du moment, modifie ses priorités et alerte sa hiérarchie et les services internes si nécessaire.<br> Il échange régulièrement avec les intervenants sur les conditions de réalisation des prestations et sur la relation avec les clients. Il repère les situations à risque et intervient si nécessaire pour prévenir ou réguler les tensions ou conflits. Il remonte les informations utiles à l'évaluation des risques professionnels et à la mise en place des mesures de prévention correspondantes, généralement auprès des responsables du document unique d'évaluation des risques professionnels (DUERP).<br> Le RCSAD met en œuvre des moyens pour garantir une démarche de bientraitance et veiller à la non-maltraitance.<br> Le RCSAD contribue à l'évaluation et à la prévention des risques professionnels en faisant remonter les informations aux responsables en charge du suivi de la mise en œuvre du document unique d'évaluation des risques professionnel (DUERP).<br> Il identifie les besoins en perfectionnement et propose des actions de formation. Il soutient les intervenants au quotidien et s'assure de la cohésion de l'équipe par son accompagnement au quotidien.<br> Il contrôle la correspondance de la prestation avec les attentes et besoins des personnes.<br> Le RCSAD représente la structure lors des réunions avec des partenaires, des financeurs ou à l'occasion de manifestations professionnelles, telles que des salons ou des colloques.<br> Il travaille en partenariat avec des équipes pluriprofessionnelles et collabore avec différents acteurs médico-sociaux.<br> Le RCSAD organise une veille sur l'évolution du secteur. Dans le territoire d'implantation de la structure, il contribue à détecter de nouveaux besoins de services à la personne. Il peut proposer à sa hiérarchie de développer de nouvelles prestations dans l'offre de services.<br> Le niveau d'autonomie et de responsabilité du responsable-coordonnateur services au domicile varie en fonction de la taille et de l'organisation de la structure, de la répartition des activités et des différents niveaux hiérarchiques. Le RCSAD est généralement autonome dans l'organisation quotidienne de ses activités. Il rend compte à sa hiérarchie et l'alerte en cas de problème dépassant les limites de sa délégation.<br> Selon l'organisation de la structure, le RCSAD peut être le responsable hiérarchique des intervenants ou encadrer plusieurs équipes autonomes d'intervenants.<br> Le RCSAD peut exercer ses activités en entreprise et en association d'aide à domicile (service prestataire et/ou mandataire), ainsi que dans une collectivité territoriale (service d'aide à domicile d'un centre communal d'action sociale - CCAS).<br> Le RCSAD communique oralement et par écrit avec sa hiérarchie, les intervenants, les clients, les autres services de la structure (les ressources humaines, le service paie, le service client, la comptabilité, le service informatique…) et des partenaires externes. Il est fréquemment sollicité et dispose d'une grande capacité d'écoute et d'adaptation à ses interlocuteurs.<br> L'emploi s'exerce à temps plein comme à temps partiel, dans les locaux de la structure et à l'extérieur. Les déplacements dans le territoire d'implantation de la structure sont fréquents. En fonction des contraintes de l'activité et pour garantir la continuité de l'accompagnement des personnes, des astreintes sont possibles. Le RCSAD peut être amené à travailler le soir, les jours fériés et le weekend.</p>","<p>1. Concevoir et organiser une prestation de services au domicile.<br> Analyser une demande de services au domicile, recueillir les attentes et concevoir une prestation adaptée.<br> Réaliser la gestion administrative en lien avec la prestation.<br> Organiser et coordonner la prestation de services au domicile.<br> 2. Animer et coordonner une équipe d'intervenants à domicile.<br> Recruter des intervenants et accompagner leur intégration.<br> Planifier et contrôler l'activité des intervenants.<br> Accompagner et soutenir l'équipe des intervenants.<br> 3. Contribuer à l'amélioration de la qualité du service et représenter la structure auprès des partenaires.<br> Veiller à la qualité du service rendu lors des interventions à domicile.<br> Coopérer avec des partenaires pour coordonner les interventions au domicile.</p>","<p>Responsable de secteur d'aide à la personne.<br> - Responsable de secteur services à domicile.<br> - Responsable de secteur - services à la personne.<br> - Responsable de secteur en maintien à domicile.<br> - Responsable-coordonnateur.<br> - Responsable coordinateur.<br> - Coordinateur de secteur.<br> - Encadrant de proximité.<br> - Coach d'équipe.<br> </p>","<p>Secteur des services à la personne (famille, enfants, personnes âgées, personnes en situation de handicap) public, privé lucratif, privé non lucratif.</p>"
"36004","","Accompagnant éducatif et social","de-accompagnant-educatif-et-social","DE",3,"<p>Dans le cadre de ses missions, en lien avec une équipe pluri-professionnelle il participe à l'élaboration et la mise en œuvre d'un accompagnement adapté à la situation de la personne, de ses besoins, de ses attentes, de ses droits et libertés dans le respect de la personne, de ses choix et de son consentement.</p> <p>Il établit une relation attentive et bienveillante de proximité, en fonction des capacités et potentialités de la personne dans toutes ses dimensions (physiques, physiologiques, cognitives, psychologiques, psychiques, relationnelles et sociales). </p> <p>Il accompagne la personne dans la réalisation des actes de la vie quotidienne (alimentation, hygiène, aide aux déplacements…) en fonction de ses capacités et de ses choix.</p> <p>Il participe à l’entretien du cadre de vie de la personne que ce soit à son domicile ou en établissement. Il soutient et favorise la communication et l'expression de la personne dans le cadre d’une relation individuelle ou de groupe qu'elle soit verbale ou non verbale. </p> <p>Il participe au bien-être physique et psychologique de la personne dans les différentes étapes de sa vie, de l’enfance à la fin de vie. Il contribue à la prévention de la rupture et/ou à la réactivation du lien social. </p> <p>Lorsqu’il exerce au sein d’une institution ou d’un service, il inscrit son action dans le cadre du projet institutionnel et du projet personnalisé d’accompagnement. Il prend en compte et communique avec les familles et les aidants. Il transmet et rend compte de ses observations et de ses actions afin d'assurer la cohérence et la continuité de l'accompagnement ainsi que de l'aide apportée ou proposée.</p> <p>Dans ce cadre, il évalue régulièrement son intervention et la réajuste en fonction de l'évolution de la situation de la personne ou des groupes de personnes. Le diplôme d’Etat lié à cette profession constitue le premier niveau de qualification dans le champ du travail social. </p>","<p>Le diplôme est structuré en cinq blocs de compétence :</p> <p>1) Accompagnement de la personne dans les actes essentiels de la vie quotidienne</p> <p>2) Accompagnement de la personne dans les actes de la vie quotidienne dans le respect de cette personne et des règles d’hygiène et de sécurité</p> <p>3)Accompagnement à la vie sociale et relationnelle de la personne</p> <p>4) Positionnement en tant que travailleur social dans son contexte d’intervention</p> <p>5) Travail en équipe pluri-professionnelle, gestion des risques et traitement des informations liées à l’accompagnement de la personne</p>","<p>aide médico-psychologique, auxiliaire de vie sociale, auxiliaire de vie scolaire collectif</p>","<p>L'accompagnant éducatif et social est un salarié employé par des organismes publics ou privés à but lucratif ou non lucratif, oeuvrant notamment pour le maintien à domicile oule suivi personnalisé au sein des établissements ou services médicosociaux ou dans des établissements d'enseignements ou de formation</p>"
