id,idcc,label
8bc372c2-f155-488d-b0ab-94a032863a52,0016,"Convention collective nationale des transports routiers et activités auxiliaires du transport"
4f39c608-bbd0-476f-8adc-01e43f273e02,0018,"Convention collective nationale des industries textiles"
148e2554-79a7-479b-b543-fff50ba349bf,0029,"Convention collective nationale des établissements privés d'hospitalisation, de soins, de cure et de garde à but non lucratif (FEHAP, convention de 1951)"
e1131857-362b-4f98-bfdc-2f7c4c1e89fe,0043,"Convention collective nationale de l'Import-export et du Commerce international"
c7ec5308-33ff-4c0f-8d7e-e0bf1e779206,0044,"Convention collective nationale des industries chimiques et connexes"
d28ac33c-dd57-47ea-9897-8407983e378e,0045,"Convention collective nationale du caoutchouc"
214b768d-dbfc-41d4-b067-24dbe9c3ae5d,0054,"Convention collective régionale des ouvriers, employés, techniciens et agents de maîtrise des industries métallurgiques, mécaniques et connexes de la région parisienne"
73a53428-fa45-4c94-97b8-002aa2990441,0086,"Convention collective nationale des entreprises de publicité et assimilées"
720da554-cdda-475c-ab4e-9ec537a4680d,0087,"Convention collective nationale des ouvriers des industries de carrières et de matériaux"
8224424e-5356-40c7-a1b1-3cb997831279,0112,"Convention collective nationale de l'industrie laitière"
f50bfac7-7e1e-4063-86ea-a93157b146b6,0135,"Convention collective nationale des employés techniciens et agents de maîtrise des industries de carrières et de matériaux"
7a025434-151f-4b03-ab34-67b61e4a125f,0158,"Convention collective nationale du travail mécanique du bois, des scieries, du négoce et de l'importation des bois"
9b827d1d-f88e-4c98-ab3b-d9d0e4c29ba6,0172,"Convention collective interrégionale de l'industrie du bois de pin maritime en forêt de Gascogne (Charente, Aquitaine) (annexée à la convention collective nationale du travail mécanique du bois, des scieries, du négoce et de l'importation des bois 0158)"
9e18a03d-646d-4b20-8f48-c041b3bb9cf0,0176,"Convention collective nationale de l'industrie pharmaceutique"
e119bf87-88d8-4ca5-990f-8330bae5630a,0184,"Convention collective nationale de l'imprimerie de labeur et des industries graphiques"
3f84e50d-cd22-4e4a-97e7-c23e397f0716,0200,"Convention collective nationale des exploitations frigorifiques"
5566c7f5-3939-4702-9d88-01a1f9a27871,0207,"Convention collective nationale de l'industrie des cuirs et peaux (annexée à la convention collective nationale de travail des industries de la maroquinerie, articles de voyage, chasse sellerie, gainerie, bracelets en cuir 2528)"
1a8024d6-7174-4149-adea-fc18dd12d8b7,0211,"Convention collective nationale des cadres des industries de carrières et matériaux (UNICEM)"
81ffc16a-d6b8-483e-ba70-b39d65cfeb74,0214,"Convention collective régionale des ouvriers des entreprises de presse de la région parisienne"
ad2cba96-b346-4b7f-bfce-3f0ea7082ef5,0218,"Convention collective nationale des organismes de sécurité sociale"
572fc845-ff60-44e0-a333-5ec1d7d34c17,0247,"Convention collective nationale des industries de l'habillement"
554eeaa5-8647-4a64-8441-faedf8d30014,0275,"Convention collective nationale du personnel au sol des entreprises de transport aérien"
256ac27d-9815-4eb0-8f22-af86ab4196fb,0292,"Convention collective nationale de la plasturgie (transformation des matières plastiques)"
5538fdf3-b66a-400b-bb56-d2ff01986a7e,0303,"Convention collective nationale de la couture parisienne et des autres métiers de la mode"
ab423f13-d083-4c6e-a841-380292dfa4de,0306,"Convention collective régionale des cadres techniques de la presse quotidienne parisienne"
4b49d785-d2fd-4c7c-9621-31e718eae453,0379,"Convention collective départementale du travail des commerces de la Martinique"
428f1ffc-5f45-450b-b311-88c04285bda5,0394,"Convention collective régionale des employés de la presse quotidienne parisienne"
9e90efb5-596b-49a5-9be4-bc56b72edec5,0405,"Convention collective nationale des établissements médico-sociaux de l'union intersyndicale des secteurs sanitaires et sociaux (UNISSS, FFESCPE, convention de 1965, enfants, adolescents )"
7dda05a4-0259-451c-8ed5-e9a9fd2078d7,0413,"Convention collective nationale de travail des établissements et services pour personnes inadaptées et handicapées (convention de 1966, SNAPEI)"
670ca867-1c22-48f7-bfe3-087af81ced62,0418,"Convention collective nationale de la chemiserie sur mesure (annexée à la convention collective nationale de la couture parisienne 0303)"
022cdc95-791d-4047-885a-c93784251aca,0438,"Convention collective nationale de travail des échelons intermédiaires des services extérieurs de production des sociétés d'assurances"
45312db3-8fdb-4c9f-a32d-0ddb27051be4,0440,"Convention collective départementale des sucreries et sucreries-distilleries de la Réunion"
4c25d831-5cc4-48e0-b119-cb2979b0ae31,0454,"Convention collective nationale des remontées mécaniques et domaines skiables"
1edbc05a-4919-4f7d-9839-624b9ecdcfb4,0468,"Convention collective nationale du commerce succursaliste de la chaussure"
070c72ae-2168-4a96-b25f-fbb163628b24,0478,"Convention collective nationale des sociétés financières"
7826f90b-a3e8-49fd-ac56-24190dea09c2,0489,"Convention collective nationale du personnel des industries du cartonnage"
be598ea7-984c-4428-98d5-4c391daa58a7,0493,"Convention collective nationale des vins, cidres, jus de fruits, sirops, spiritueux et liqueurs de France"
e4a1766a-0565-447d-9abf-44a71d7384a6,0500,"Convention collective nationale des entreprises de distribution en chaussure, jouet, textile et mercerie"
860827e4-3208-4ff9-8dc8-3b5d5d4cf9e1,0509,"Convention collective régionale des cadres administratifs de la presse quotidienne parisienne"
29c77f05-e59a-438d-95d9-9f4687260f2f,0538,"Convention collective nationale du personnel des entreprises de manutention ferroviaire et travaux connexes"
a44415c6-447d-4088-bc53-38f5b1236da7,0567,"Convention collective nationale de la bijouterie, joaillerie, orfèvrerie et des activités qui s'y rattachent"
96c2a626-a0e4-4e62-8606-637feda09996,0573,"Convention collective nationale des commerces de gros"
82124f71-0b5a-456c-95f0-9662fe2f1cb8,0614,"Convention collective nationale des industries de la sérigraphie et des procédés d'impression numérique connexes (annexée à la convention collective nationale de l'imprimerie de labeur et des industries graphiques 0184)"
88383e8f-2e27-426a-900d-414e49ac7593,0627,"Convention collective départementale des employés, techniciens et agents de maîtrise du bâtiment et des travaux publics de La Réunion"
d6438d27-b0eb-4bc0-8e06-7d2056c5453e,0635,"Convention collective nationale du négoce en fournitures dentaires (annexée à la convention collective nationale des commerces de gros 0573)"
76cebd36-153c-481c-afb8-4017691fa449,0637,"Convention collective nationale des industries et du commerce de la récupération (recyclage, régions Nord-Pas-de-Calais, Picardie)"
84b02f0b-94ac-4c87-b3d2-2375e19742ff,0650,"Convention collective nationale des ingénieurs et cadres de la métallurgie"
49c6c671-481b-4e9c-82f6-94cbc6013272,0653,"Convention collective nationale de travail des producteurs salariés de base des services extérieurs de production des sociétés d'assurances"
34978941-6d0a-4b1c-87f1-c57671112a0a,0669,"Convention collective nationale des industries de fabrication mécanique du verre"
4dbdf428-77d9-4f20-8354-b7a722c905cf,0673,"Convention collective nationale de la fourrure (annexée à la convention collective nationale de la couture parisienne 0303)"
c6845355-f38c-4fc7-97bf-1d64484ce125,0675,"Convention collective nationale des maisons à succursales de vente au détail d'habillement"
d3add114-004e-47f5-9517-7f59f38c1921,0706,"Convention collective nationale du personnel de la reprographie (annexée à la convention collective nationale des commerces de détail de papeterie, fournitures de bureau, de bureautique et informatique et de librairie 1539)"
02c8e750-d87b-43c1-a4c2-8ce69e60f8e7,0714,"Convention collective départementale des industries du travail des métaux de la Moselle (métallurgie)"
c4103dad-b3c4-4df6-b522-049d2b148958,0715,"Convention collective nationale des instruments à écrire et des industries connexes (annexée à la convention collective du personnel des industries du cartonnage 0489)"
742b686a-ae6d-46a1-aec7-de7cb98c3a8d,0716,"Convention collective nationale des employés et ouvriers de la distribution cinématographique"
5b658dd5-0669-4f8b-8c4b-231dc6e3575f,0733,"Convention collective nationale des détaillants en chaussure"
14fbe2c3-4e65-4911-829b-45d058792739,0749,"Convention collective départementale des ouvriers du bâtiment et des travaux publics de la Martinique"
d8b0c5db-9ea1-45c1-8333-b1d8a272b026,0759,"Convention collective nationale des pompes funèbres"
6cc9210d-88d9-40e5-8098-1cef21b6345a,0771,"Convention collective départementale des ingénieurs assimilés et cadres du bâtiment et des travaux publics de La Réunion"
2c914587-1e3f-44a7-a5b4-5beaa5fb8b96,0780,"Convention collective régionale des tailleurs sur mesure de la région parisienne (annexée à la convention collective nationale de la couture parisienne 0303)"
d5f5a5cd-86ed-4a7b-982f-366ae7322c98,0783,"Convention collective nationale des centres d'hébergement et de réadaptation sociale et dans les services d'accueil, d'orientation et d'insertion pour adultes (CHRS, SOP )"
50ac9419-d864-4316-95cd-64f96f6d21ea,0787,"Convention collective nationale des cabinets d'experts-comptables et de commissaires aux comptes"
d6d2a738-3706-4c66-a47b-c420e106d6d9,0802,"Convention collective nationale de la distribution de papiers-cartons commerces de gros pour les ouvriers, employés, techniciens et agents de maîtrise"
75209192-bd5c-4171-84c9-339477e637e5,0804,"Accord national interprofessionnel des voyageurs, représentants, placiers (VRP)"
5ab92aa4-a069-4422-9fd8-88f6dcdb17a8,0822,"Convention collective départementale applicable aux mensuels de la métallurgie de la Savoie"
c72774fd-91b7-4940-bf49-9d1bf925d7ee,0827,"Convention collective départementale des industries métallurgiques, mécaniques et connexes des Ardennes"
e7be5356-4c56-44d8-82c3-d0a2f81d56a7,0828,"Convention collective départementale des industries métallurgiques, mécaniques, connexes et similaires de la Manche"
bd95f3b4-fc1d-4814-b80d-e9962ab675f2,0829,"Convention collective départementale des industries métallurgiques et des industries connexes du Vaucluse"
75107c8e-7fa0-4f5e-86bc-7d16db6d613c,0836,"Convention collective départementale des industries métallurgiques, mécaniques, électriques, connexes et similaires de la Haute-Savoie"
3331255a-6dcb-4cff-b082-b95a99144b95,0843,"Convention collective nationale de la boulangerie-pâtisserie -entreprises artisanales-"
34a5cfe2-5ff3-4787-b023-fe2ef4f1625d,0860,"Convention collective départementale de la métallurgie et des industries connexes du Finistère"
e87ec225-adda-4dda-9614-35b6e0ebdfa7,0863,"Convention collective régionale des industries métallurgiques et connexes d'Ille-et-Vilaine et du Morbihan"
23fad2cb-7587-43a9-b249-923ac452ab69,0878,"Convention collective départementale des mensuels des industries métallurgiques du Rhône"
44c5dbd5-77e5-4cac-81b0-1a75b3cd9ec3,0887,"Convention collective départementale des industries métallurgiques, mécaniques, électriques et connexes de l'Eure"
e193c741-7725-4767-b901-8d34c99879bf,0892,"Convention collective nationale des cadres et agents de maîtrise de la distribution de films de l'industrie cinématographique"
6514b382-32b0-4694-a834-60f6e6feb058,0897,"Convention collective nationale des services de santé au travail interentreprises"
1e7ecf39-bbed-4a43-80b1-f3fe469ccc0a,0898,"Convention collective départementale des industries métallurgiques, mécaniques, électriques, connexes et similaires de l'Allier"
d14656cb-f64f-42bf-adca-4547944be0ce,0899,"Convention collective départementale des industries métallurgiques, mécaniques et connexes de la Marne"
c5d9cb82-cd41-484e-a7e3-2248a7103647,0901,"Convention collective départementale des ouvriers de la boulangerie de la Martinique"
711a44bd-8b3a-444a-85cd-75cbde337461,0911,"Convention collective départementale des industries métallurgiques, mécaniques, électriques, connexes et similaires de Seine-et-Marne"
5caaabe0-f588-463a-9bf2-42ed043659e7,0914,"Convention collective départementale des mensuels des industries métallurgiques de l'Ain"
2e0916fa-26e8-4284-9fcc-41252cd1816f,0915,"Convention collective nationale des sociétés d'expertises et d'évaluations"
74084501-b50d-479b-8c6f-8795ec633c9d,0919,"Convention collective départementale du personnel des garages de la Martinique (Automobile, commerce, réparation)"
b34af289-28be-45b1-bd3b-6870d884c36d,0920,"Convention collective départementale des industries métallurgiques électriques et connexes de la Vienne"
5d15b0f0-5cf3-4d24-b96b-01f65d7152e1,0923,"Convention collective départementale de la métallurgie de la Charente-Maritime"
d6472424-c42e-423f-9696-d52c7d1a26f7,0925,"Convention collective nationale des ingénieurs et cadres de la distribution des papiers et cartons, commerce de gros"
d224f4c0-b03e-4b7c-8713-286ff1727a3a,0930,"Convention collective départementale de la métallurgie et des industries connexes de la Sarthe"
3ad3964d-7d7d-4a88-9806-8e0974cf55b2,0934,"Convention collective départementale des industries métallurgiques mécaniques connexes et similaires de l'Indre"
5d9deb5b-e715-41f1-9fa9-86632249efa7,0937,"Convention collective régionale des industries métallurgiques mécaniques et connexes de la Haute-Vienne et de la Creuse"
ca4bc536-5528-4bab-b205-392be5f779f4,0943,"Convention collective départementale des industries métallurgiques mécaniques et connexes du Calvados"
f623c6a3-7d15-4cd8-a57e-efc7fd285c09,0948,"Convention collective départementale des industries métallurgiques, mécaniques et connexes de l'Orne"
20a01700-1e58-48d5-a7a5-41ea326c462d,0953,"Convention collective nationale de la charcuterie de détail"
a947ced7-7bab-497e-bfa3-3d9ecdfed1f9,0959,"Convention collective nationale des laboratoires de biologie médicale extra-hospitaliers"
ac40cf70-21d1-4e24-a1cc-45ff3bef3739,0965,"Convention collective départementale des industries métallurgiques et connexes du département du Var"
56aad907-02d3-4367-896d-17e9c29b16e1,0979,"Convention collective locale des industries métallurgiques de l'arrondissement du Havre (Seine-Maritime)"
abb41f80-34b8-4db0-a228-54af476519fd,0984,"Convention collective départementale des industries métallurgiques, mécaniques et connexes d'Eure-et-Loir"
04feecd1-455d-4edd-919d-2b6afbb5a6ca,0992,"Convention collective nationale de la boucherie, boucherie-charcuterie et boucherie hippophagique, triperie, commerce de volailles et gibiers"
d954aba1-1994-42be-bac3-297aa555ebe0,0993,"Convention collective nationale des prothésistes dentaires et des personnels des laboratoires de prothèse dentaire"
6aae73f3-c182-49b8-aadd-0a3d7ae6ec0d,0998,"Convention collective nationale des ouvriers, employés, techniciens et agents de maîtrise de l'exploitation d'équipements thermiques et de génie climatique"
04a55dde-027c-45d2-a85b-793ff5cb4617,1000,"Convention collective nationale du personnel des cabinets d'avocats"
870475e8-f795-4d8d-9b44-397cc294a63b,1001,"Convention collective nationale des médecins spécialistes qualifiés au regard du conseil de l'ordre travaillant dans des établissements et services pour personnes inadaptées et handicapées (annexée à la convention collective nationale de travail des établissements et services pour personnes inadaptées et handicapées 0413)"
5a3ad0d0-9803-4a02-b016-763fdad46bc4,1007,"Convention collective locale d'arrondissement des industries métallurgiques, mécaniques, connexes et similaires de la région de Thiers (Puy-de-Dôme)"
1063d0e0-4a71-4d0e-93a2-1a142b4af9f6,1016,"Convention collective nationale des cadres et agents de maîtrise de l'édition de musique (annexée à la convention collective nationale de l'édition 2121)"
b479d245-0243-4900-9af9-1dc484b171a4,1031,"Convention collective nationale de la fédération nationale des associations familiales rurales (FNAFR)"
a803e153-66be-426a-83e7-d5cf4cabd031,1043,"Convention collective nationale des gardiens, concierges et employés d'immeubles"
69e377d5-4130-4d51-9e25-f618df9cb690,1044,"Convention collective nationale de l'horlogerie (annexée à la convention collective nationale de la bijouterie, joaillerie, orfèvrerie et des activités qui s'y rattachent 0567)"
0aee93a9-f8b8-401f-a7e6-c1a09e3c4e88,1049,"Convention collective départementale du bâtiment, des travaux publics et de toutes professions concourant à l'acte de bâtir ou d'aménager de Saint Pierre-et-Miquelon"
136d6990-d9ee-43da-a3a8-fd6bbe2b3779,1050,"Convention collective départementale du commerce et des services commerciaux de Saint-Pierre-et-Miquelon"
20fdff5c-7fa0-4e26-8ec2-4b98f960438d,1057,"Convention collective départementale des consignataires de navire et manutentionnaires de la Martinique"
e87c2a96-cc06-404e-9e0c-077e60240b12,1059,"Convention collective régionale des industries métallurgiques, électriques, électroniques et connexes de Midi-Pyrénées (Ariège, Aveyron, Gers, Haute-Garonne, Tarn, Tarn-et-Garonne, Lot, Aude convention du 1er avril 1980 )"
44a8ceae-5b73-4771-bd5a-69dfc63a5159,1060,"Convention collective départementale de la métallurgie de la Martinique"
4c7753c2-d6b9-4e6a-8a48-0f57f1aa36f5,1069,"Convention collective départementale de la répartition et des dépôts pharmaceutiques de la Martinique"
068145e4-3813-486b-bc55-47d6c0796131,1072,"Convention collective locale du travail règlementant le travail de manutention dans le port de Saint-Pierre"
83853ac5-323e-4a44-9ac7-c0bc92123e19,1077,"Convention collective nationale entreprises du négoce et de l'industrie des produits du sol, engrais et produits connexes"
566359f5-00fe-4938-9058-1c40d3de27b4,1090,"Convention collective nationale des services de l'automobile (commerce et réparation de l'automobile, du cycle et du motocycle, activités connexes, contrôle technique automobile, formation des conducteurs auto-écoles CNPA )"
38184aac-e348-494c-a05e-1495ce9a1fd3,1140,"Convention collective départementale des hôtels cafés restaurants de Saint-Pierre-et-Miquelon(HCR)"
4c08c757-e75c-4bd9-bcdd-1e0a7a8691dd,1147,"Convention collective nationale du personnel des cabinets médicaux (médecin)"
c9b9d936-bfae-401d-868c-05ae83bc231d,1159,"Convention collective départementale de la métallurgie de la Nièvre"
29f8dc21-8616-4026-b123-1a51365e2093,1164,"Convention collective locale des industries métallurgiques et annexes de la région de Vimeu (Somme)"
74d0c7d1-d66d-429b-b88b-94321c5e1e8a,1170,"Convention collective nationale de l'industrie des tuiles et briques (CCNTB)"
bcff343b-e065-419e-9fd9-285afdc59922,1182,"Convention collective nationale des personnels des ports de plaisance"
8bad9b5a-1b94-4575-94ee-1901e3ca792a,1194,"Convention collective nationale des employés de l'édition de musique (annexée à la convention collective nationale de l'édition 2121)"
a58b0eb4-b046-4dcd-8de3-ff082165b4cc,1203,"Convention collective départementale du commerce et des services de la Guadeloupe"
9643c3e4-60e4-40bf-8173-9e3d94206420,1225,"Convention collective départementale du commerce de la Réunion"
9af8e30c-e8d8-47cb-8fb3-b598062d182f,1232,"Convention collective départementale des hôtels de la Guadeloupe"
61df8845-4368-496a-a028-6d0558a7d390,1247,"Convention collective départementale auto moto de la Réunion"
6ede865c-3a07-4b4f-a32a-fb847923e8c8,1256,"Convention collective nationale des cadres, ingénieurs et assimilés des entreprises de gestion d'équipements thermiques et de climatisation"
e1d6da63-089d-4e48-bae8-f058c28a4361,1257,"Convention collective départementale des employés, agents de maîtrise et cadres de la pharmacie d'officine de la Réunion"
f29fdbac-abaa-4f69-96a5-37f1e173d7c7,1261,"Convention collective nationale des acteurs du lien social et familial : centres sociaux et socioculturels, associations d'accueil de jeunes enfants, associations de développement social local (SNAECSO)"
bc5b2313-07a2-49c8-a86b-070a6050a7a7,1266,"Convention collective nationale du personnel des entreprises de restauration de collectivités"
8a203837-4983-40f9-b89f-ad120f677730,1267,"Convention collective nationale de la pâtisserie"
130b9e42-6fa0-4b6b-b31b-569590dcb942,1274,"Convention collective départementale des industries métallurgiques de la Corrèze"
fcf5c7ac-2fdc-4f3f-8d09-30b88f22d07d,1278,"Convention collective nationale des personnels PACT et ARIM -centres pour la protection l'amélioration et la conservation de l'habitat et associations pour la restauration immobilière- (annexée à la convention collective nationale de l'habitat et du logement accompagnés 2336)"
fdeed6b2-96d9-4afd-b1ff-3805be94a7c9,1285,"Convention collective nationale pour les entreprises artistiques et culturelles (SYNDEAC)"
bd2b748f-e2c9-4ac5-800f-8c6ab7895003,1286,"Convention collective nationale des détaillants, détaillants-fabricants et artisans de la confiserie, chocolaterie, biscuiterie"
697092d7-c1fc-4f17-a031-92d0df4e93d0,1307,"Convention collective nationale de l'exploitation cinématographique"
71b2066c-a302-4758-af0c-8356bddaa3eb,1311,"Convention collective nationale de la restauration ferroviaire"
0159b269-50a2-46fa-8524-da4b8536b681,1315,"Convention collective régionale des industries métallurgiques, mécaniques et connexes de la Haute-Marne et de la Meuse"
95b6ad42-e531-496b-8847-29c404338080,1316,"Convention collective nationale des organismes de tourisme social et familial"
84a37b20-585d-49da-9ead-a2677bd24428,1341,"Convention collective départementale des industries agroalimentaires de la Réunion"
b427fd07-7dc1-41d8-81f9-1e26dbecd304,1351,"Convention collective nationale des entreprises de prévention et de sécurité"
4603a386-625f-4c48-b24d-549f4e54913c,1353,"Convention collective départementale des industries métallurgiques et connexes de la Dordogne"
1ff5c51a-bc7e-4cff-b6fb-abde426711d9,1365,"Convention collective départementale de travail des industries de transformation des métaux de Meurthe-et-Moselle (métallurgie)"
a5ae0a22-4753-43d5-8f34-bff1877c4532,1369,"Convention collective départementale des industries métallurgiques, électriques, électroniques et connexes de Loire-Atlantique"
5d340529-18e8-41b7-b5ad-302f23b68c27,1387,"Convention collective locale des mensuels des industries métallurgiques des Flandres"
1a82bfde-4966-4dd0-8ff9-4fca2e2c3e9a,1388,"Convention collective nationale de l'industrie du pétrole"
29f3b849-4219-453c-8613-e5c3604163ae,1391,"Convention collective régionale concernant le personnel de l'industrie, de la manutention et du nettoyage sur les aéroports ouverts à la circulation publique de la région parisienne (annexée à la convention collective nationale du personnel au sol des entreprises de transport aérien 0275)"
a2f64afd-2be4-44be-bcc4-3fea102e77d0,1396,"Convention collective nationale pour les industries de produits alimentaires élaborés"
6e744c7a-c300-4354-b935-8ca8df583c42,1404,"Convention collective nationale des entreprises de commerce, de location et de réparation de tracteurs, machines et matériels agricoles, de matériels de travaux publics, de bâtiment et de manutention, de matériels de motoculture de plaisance, de jardins et d'espaces verts (SEDIMA)"
8ea5b122-5928-47ed-8a38-78ae34abf085,1405,"Convention collective nationale des entreprises d'expédition et d'exportation de fruits et légumes"
7538ebd5-4d62-4cc7-86ef-1e86c3fec730,1408,"Convention collective nationale des entreprises du négoce et de distribution de combustibles solides, liquides, gazeux et produits pétroliers"
789b28ce-c3ca-42c8-9932-55293582aa6d,1411,"Convention collective nationale de la fabrication de l'ameublement"
3571b4e5-9b6b-4ccd-9bb1-c5fad476b330,1412,"Convention collective nationale des entreprises d'installation sans fabrication, y compris entretien, réparation, dépannage de matériel aéraulique, thermique, frigorifique et connexes"
f1978ba2-2a31-4895-a7dd-1527ed7df526,1413,"Accord national professionnel relatif aux salariés permanents des entreprises de travail temporaire"
0757014f-dfbe-4e79-befc-d921be1e824f,1424,"Convention collective nationale des réseaux de transports publics urbains de voyageurs"
7e24b3cc-f410-4710-b249-9d7c7bcfb58a,1431,"Convention collective nationale de l'optique-lunetterie de détail"
58061af8-2629-4a5e-891a-6e06515f4aeb,1468,"Convention collective nationale de branche du Crédit mutuel"
80fe72c0-0c22-4f4c-a87a-79f3cb649816,1472,"Convention collective départementale des industries métallurgiques du Pas-de-Calais"
2e751da2-3dfd-4f0a-abbf-e3c893dba5c8,1480,"Convention collective nationale de travail des journalistes"
c6427442-7196-4c58-a39e-1c5840bd4cc8,1483,"Convention collective nationale du commerce de détail de l'habillement et des articles textiles"
4830fafa-e89a-4d22-8367-11f375c6237e,1486,"Convention collective nationale applicable au personnel des bureaux d'études techniques, des cabinets d'ingénieurs-conseils et des sociétés de conseils(BET, SYNTEC)"
49a22ebc-1965-4a08-82ed-e3637cab6e6b,1487,"Convention collective nationale du commerce de détail de l'horlogerie-bijouterie"
f3c53292-c52f-4f04-9f6d-26886184e353,1499,"Convention collective nationale de la miroiterie, de la transformation et du négoce du verre"
7d8aaa4c-79aa-412b-a863-3aeb11297ebe,1501,"Convention collective nationale de la restauration rapide (restauration livrée)"
1c16ca9d-47b4-4423-8ef2-7e1bb0dde8f9,1504,"Convention collective nationale de la poissonnerie (commerce de détail, de demi-gros et de gros de la poissonnerie)"
e3b700b9-0fc7-4d13-85b6-f0fc7e7987d6,1505,"Convention collective nationale du commerce de détail alimentaire non spécialisé"
28fe3090-0c66-4a58-9c6c-bb00a3a01167,1512,"Convention collective nationale de la promotion immobilière"
262c15fe-a876-4791-8f55-47c56d94c5cc,1513,"Convention collective nationale des activités de production des eaux embouteillées, des boissons rafraîchissantes sans alcool et de bière"
e44987ba-c9bc-48db-857e-8198b517f5e2,1516,"Convention collective nationale des organismes de formation"
17d2422e-0b87-4fa1-ba49-08cbe3eef63f,1517,"Convention collective nationale des commerces de détail non alimentaires : antiquités, brocante, galeries d'art, arts de la table, coutellerie, droguerie, équipement du foyer, bazars, commerces ménagers, modélisme, jeux, jouets, périnatalité et maroquinerie(œuvres d'art)"
ceeae4bc-986a-4593-9ec9-9098c1692916,1518,"Convention collective nationale des métiers de l’Éducation, de la Culture, des Loisirs, et de l’Animation agissant pour l’utilité sociale et environnementale, au service des Territoires dite ECLAT (ex Animation)"
f4ea39cc-0498-4346-9756-043349fff6a9,1525,"Convention collective locale de la métallurgie de la région dunkerquoise"
0b6ebe95-ca47-4c3c-a9a3-2131e0d0863f,1527,"Convention collective nationale de l'immobilier"
c5a108b0-9b20-46e7-b98f-948d27e05e41,1534,"Convention collective nationale des entreprises de l'industrie et des commerces en gros des viandes"
5cce7bdf-a4d4-49d3-9069-a4cd5a801100,1536,"Convention collective nationale des distributeurs conseils hors domicile (entrepositaires-grossistes, bières, eaux minérales et de table, boissons gazeuses, non gazeuses, sirops, jus de fruits, CHD)"
412e2cb8-e238-42d8-8105-a7decc2d2eaf,1539,"Convention collective nationale des entreprises du bureau et du numérique Commerces et Services"
9a97c1f8-b833-40f5-8236-2bdb90d30884,1543,"Convention collective nationale de la boyauderie (annexée à la convention collective nationale de l'industrie de la salaison, charcuterie en gros et conserves de viandes 1586)"
cca6a216-534f-448a-b70a-50787e9f919e,1555,"Convention collective nationale de la fabrication et du commerce des produits à usage pharmaceutique, parapharmaceutique et vétérinaire"
f0a62867-3bfa-435f-96fb-81f9c59153a2,1557,"Convention collective nationale du commerce des articles de sports et d'équipements de loisirs (fusion entre la 1557 et la 1618)"
36b86804-c0ce-410c-9611-f793641e44cb,1558,"Convention collective nationale relative aux conditions de travail du personnel des industries céramiques de France"
5e360365-a62d-40d0-99cf-213ce32f6225,1560,"Convention collective départementale des industries métallurgiques, électriques et connexes des Alpes-Maritimes"
b881a161-4be8-46bd-9583-d001118650e4,1561,"Convention collective nationale de la cordonnerie multiservice (annexée à la convention collective nationale de travail des industries de la maroquinerie, articles de voyage, chasse sellerie, gainerie, bracelets en cuir 2528)"
7a2e8155-1979-4abc-b868-2b2e8eb0ebec,1564,"Convention collective départementale des industries de la métallurgie de Saône-et-Loire"
f4a44f82-fdd1-41bc-b779-fae7b50ec98c,1565,"Convention collective départementale des services de soins infirmiers à domicile pour personnes âgées de la Guadeloupe"
c93492df-11f8-42c6-9b4c-84f3a6d51b2b,1572,"Convention collective départementale de la métallurgie de la Charente"
59bb32ea-d7b1-4675-9fe8-25ca1de957e6,1576,"Convention collective départementale de travail des industries métallurgiques, mécaniques, électriques, électroniques, connexes et similaires du département du Cher"
22a338fd-6cc7-4986-9796-486b98f7659f,1577,"Convention collective régionale des industries métallurgiques, électroniques et connexes de l'Hérault, de l'Aude et des Pyrénées-Orientales"
67b3194d-e80c-4701-8501-2966934c8da5,1578,"Convention collective départementale de la métallurgie de la Loire et de l'arrondissement d'Yssingeaux"
483a39bf-7518-45c4-a5c4-ed83a363c08a,1580,"Convention collective nationale de l'industrie de la chaussure et des articles chaussants"
9b6cc0b7-aa4a-43e5-843e-e55e41c4b893,1586,"Convention collective nationale de l'industrie de la salaison, charcuterie en gros et conserves de viandes"
cc23e9d1-2b85-447d-88aa-b2d49c5486f9,1588,"Convention collective nationale du personnel des sociétés coopératives d'HLM (annexée à la convention collective nationale du personnel des Offices Publics de l'Habitat 3220)"
a8f73da8-43c9-4d10-ac50-a2ee11a28df0,1589,"Convention collective nationale des mareyeurs-expéditeurs"
e1a80fa7-99dc-41da-bedc-f360b23a3029,1592,"Convention collective locale de la métallurgie du Valenciennois et du Cambrésis"
84ac09e9-1552-4b15-aab7-177a377cc405,1596,"Convention collective nationale concernant les ouvriers employés par les entreprises du bâtiment visées par le décret du 1er mars 1962 -c'est-à-dire occupant jusqu'à 10 salariés-"
62835498-e17c-4d03-ab4d-e2845cd5d199,1597,"Convention collective nationale concernant les ouvriers employés par les entreprises du bâtiment non visées par le décret 1er mars 1962 -c'est-à-dire occupant plus de 10 salariés-"
d700935f-f8d4-4e8f-8dd3-f5ab881006e8,1604,"Convention collective locale des industries métallurgiques des arrondissements de Rouen et de Dieppe"
bb7a2206-558a-4861-9894-90ca900f88fe,1605,"Convention collective nationale des entreprises de désinfection, désinsectisation, dératisation"
4cb2da55-4574-4aee-958c-1983c7940001,1606,"Convention collective nationale du bricolage"
46193e5e-4ee9-4633-9fe8-893df5b32e9d,1607,"Convention collective nationale des industries des jeux, jouets, articles de fêtes et ornements de Noël, articles de puériculture et voitures d'enfants modélisme et industries connexes"
6d80a432-5ef1-43b6-b03b-97466e884eec,1611,"Convention collective nationale des entreprises de logistique de communication écrite directe"
6c553665-a8bf-4add-8eff-c6087b43456e,1612,"Convention collective nationale du personnel navigant des essais et réceptions"
cea78cbd-f516-4862-8003-3f06f76a4712,1618,"Convention collective nationale du camping (fusion entre la 1557 et la 1618)"
7fa20f6d-1b9c-4319-9ed5-b1d9f94a27cd,1619,"Convention collective nationale des cabinets dentaires"
c71cb9a9-bdab-4d04-b290-c056cc5e75ec,1621,"Convention collective nationale de la répartition pharmaceutique"
b299e817-4d7e-4728-b6dd-5b26c8276e9d,1626,"Convention collective départementale des industries métallurgiques, mécaniques, électriques, électro-céramiques et connexes des Hautes-Pyrénées"
608581d1-a740-48d3-aa9d-066ad2f9567f,1627,"Convention collective départementale du travail des industries de la métallurgie et des constructions mécaniques de Clermont-Ferrand et du Puy-de-Dôme"
97373773-8dc4-4b4f-929b-7e999db198fa,1628,"Convention collective départementale de la métallurgie des Deux-Sèvres"
c7d39b97-d103-4665-a2b8-8395e8c6e8e2,1631,"Convention collective nationale de l'hôtellerie de plein air"
652d6ddc-7b90-4441-89a2-d691e0b30377,1634,"Convention collective départementale de la métallurgie des Côtes-d'Armor"
d62fb08e-7c2e-4980-8bdd-1fae77348833,1635,"Convention collective régionale des industries métallurgiques, mécaniques et connexes de la Gironde et des Landes"
ea06ab0a-b99a-41c2-a1e8-ca1326cc7605,1659,"Convention collective nationale du rouissage teillage du lin"
47077d27-4ae3-457b-87fd-e220da33612e,1671,"Convention collective nationale des maisons d'étudiants"
42be6e9d-6dd6-4af2-8f1b-7139e10d8d80,1672,"Convention collective nationale des sociétés d'assurances"
c231c200-b098-45e8-a208-5e8716464560,1679,"Convention collective nationale de l'inspection d'assurance"
987d0172-f9b7-4cfa-90d6-c167f4b94735,1686,"Convention collective nationale des commerces et services de l'audiovisuel, de l'électronique et de l'équipement ménager"
e2f230d4-956a-471b-9cbf-5cb05326d266,1700,"Convention collective départementale des sucreries, sucreries-distilleries et distilleries de la Guadeloupe"
19679afa-aca7-45ae-8f8e-122cb80408c4,1702,"Convention collective nationale des ouvriers de travaux publics"
ab00ac12-5980-4614-b601-7308e2642f82,1732,"Convention collective départementale des industries métallurgiques, mécaniques, électriques et connexes de l'Yonne"
1555d9a2-cffa-4ada-b65f-b3c254e4e3c1,1734,"Convention collective des artistes-interprètes engagés pour des émissions de télévision (annexée à la convention collective de la production audiovisuelle 2642)"
ae32893b-6213-4c64-88aa-d15a6255e1d1,1747,"Convention collective nationale des activités industrielles de boulangerie et de pâtisserie (fusion entre la 1747 et la 2075)"
237be50b-14c1-40a9-bbed-bd452014d113,1760,"Convention collective nationale des jardineries et graineteries"
48545bea-8df7-410f-997e-f7bae44f8c0e,1790,"Convention collective nationale des espaces de loisirs, d'attractions et culturels"
a2c583d4-4c2a-45cd-a943-f86459c86d7e,1794,"Convention collective nationale du personnel des institutions de retraites complémentaires"
f6c9b6ad-ff11-4865-81d6-a7aa3c1e16b3,1800,"Convention collective nationale du personnel de la céramique d'art (annexée à la convention collective nationale relative aux conditions de travail du personnel des industries céramiques de France 1558)"
f7d93c10-7061-451f-9815-bc119bcdf725,1801,"Convention collective nationale des sociétés d'assistance"
466f2b4b-f0c3-4251-83ff-6c42698e877a,1813,"Convention collective locale de travail des industries de la transformation des métaux de la région de Maubeuge"
a5059302-d45f-416f-ab47-4377c61415e8,1821,"Convention collective nationale des professions regroupées du cristal, du verre et du vitrail "
09927d37-71b9-4555-8e08-c10d188e469d,1843,"Convention collective régionale des ingénieurs, assimilés et cadres du bâtiment de la région parisienne"
b277b8e3-354a-4b08-ab7d-53ca1887b159,1850,"Convention collective nationale de l'avocat salarié"
c4ec22fd-8feb-49ba-ae9e-2436d4897e2e,1867,"Convention collective régionale de la métallurgie de la Drôme-Ardèche"
81c55f76-483d-46fa-8ba8-9729ab2d4891,1875,"Convention collective nationale des cabinets et cliniques vétérinaires : personnel salarié"
e27460fb-93e3-41c4-8af8-fb60a65e2d71,1880,"Convention collective nationale du négoce de l'ameublement"
c3f1408a-ccc8-445e-a138-c51dca4fee65,1885,"Convention collective départementale des industries métallurgiques, mécaniques, électriques et connexes du département de la Côte-d'Or"
05e9a8ff-cbce-4cd2-bb96-454c50cbdb5e,1902,"Convention collective départementale des industries métallurgiques, mécaniques, électriques, électroniques connexes et similaires du Maine-et-Loire"
df702bb0-01bc-427b-a5e3-3925c7a939e3,1909,"Convention collective nationale des organismes de tourisme"
12f3d29e-6deb-4106-86e9-794d71c30c04,1912,"Convention collective départementale des industries de la métallurgie du Haut-Rhin"
dd2c85c2-4513-4bf8-b737-00f455c82cf8,1921,"Convention collective nationale des huissiers de justice"
5f325e84-f084-474c-ab7f-a2b12ec25e10,1922,"Convention collective nationale de la radiodiffusion"
4fd715f4-3d63-4693-968c-ee54d86ff7dc,1923,"Convention collective départementale de la manutention portuaire de la Guadeloupe"
999c2af5-1d5f-437e-99a9-3f5ef80ab453,1930,"Convention collective nationale des métiers de la transformation des grains (ex meunerie)"
71824dab-865a-4541-a4e8-b1ef53a4e4a7,1938,"Convention collective nationale des industries de la transformation des volailles (abattoirs, ateliers de découpe et centres de conditionnement de volailles, commerce de gros de volailles)"
20b27685-5d7f-4587-8f09-716059271b60,1942,"Convention collective nationale des textiles artificiels et synthétiques et produits assimilés (annexée à la convention collective nationale de l’industrie textile 0018)"
27cbdb7a-bf91-4ed7-83e7-073eab693d5f,1944,"Convention collective nationale du personnel navigant technique des exploitants d'hélicoptères"
4a61e72c-771d-4ba3-87f7-7f5d54a23823,1947,"Convention collective nationale du négoce de bois d'œuvre et produits dérivés"
8cc29132-e3eb-4339-91cf-20cee8ed0c87,1951,"Convention collective nationale des cabinets ou entreprises d'expertises en automobile"
24ae1644-5230-4e95-85fe-c67f38a016ca,1960,"Convention collective départementale des industries métallurgiques, mécaniques et connexes du Lot-et-Garonne"
cb16d74a-6cb4-4bbc-b293-bd84f14fa74d,1961,"Convention collective départementale pour les stations-service en Guadeloupe"
d729743c-337a-428b-beee-227f94d4ea8f,1966,"Convention collective départementale des industries métallurgiques du Loiret"
22cd1e57-80b3-4ddc-a745-294f2f8909b3,1967,"Convention collective départementale de l'industrie des métaux du Bas-Rhin"
2ac0e69e-224e-4247-b50e-5cb49aac5779,1978,"Convention collective nationale des fleuristes, de la vente et des services des animaux familiers"
139a591f-d475-45fa-89e7-6a3dd324d26b,1979,"Convention collective nationale des hôtels, cafés, restaurants (HCR)"
a2485e32-d5be-42c3-b24f-fa9d994e1317,1980,"Convention collective départementale des commissionnaires en douane et agents auxiliaires de la Martinique"
da72eaf5-b427-4b57-9f36-61fb22f6b62d,1982,"Convention collective nationale du négoce et prestations de services dans les domaines médico-techniques"
e7659747-6e81-4f23-9f1c-72f5a755750d,1987,"Convention collective nationale des pâtes alimentaires sèches et du couscous non préparé"
d4953b04-40ef-4716-aa66-ad8c815de5b8,1996,"Convention collective nationale de la pharmacie d'officine"
7c783828-6248-4cc2-be63-bd3e3789183d,2002,"Convention collective interrégionale de la blanchisserie, laverie, location de linge, nettoyage à sec, pressing et teinturerie"
730aba91-2d72-44f8-b75b-322442ac6b48,2003,"Convention collective départementale des industries métallurgiques, électriques, électroniques et connexes du département des Vosges"
52befe2a-12c6-458f-bf2c-63607f069965,2021,"Convention collective nationale du golf"
0a98c58f-aea6-4120-a342-1a2c6826904a,2025,"Convention collective régionale du travail des activités minières de Guyane"
9441e814-6137-4a5f-b62f-5cec4777d06f,2046,"Convention collective nationale du personnel non médical des centres de lutte contre le cancer"
73e72271-4cd8-40b8-9d17-d832b31a9353,2060,"Convention collective nationale des chaînes de cafétérias et assimilés"
a08a4a15-de0a-4da2-b3cf-2b9684a9cb6c,2075,"Convention collective nationale des centres immatriculés de conditionnement, de commercialisation et de transformation des œufs et des industries en produits d'œufs (fusion entre la 1747 et la 2075)"
43aa97e7-ec74-4e59-8f5f-31224799530c,2089,"Convention collective nationale de l'industrie des panneaux à base de bois"
623461f6-f9f3-408d-863d-5dbd050270c0,2098,"Convention collective nationale du personnel des prestataires de services dans le domaine du secteur tertiaire"
be6450e0-3472-4d4c-ab17-ef3269c5ea2a,2104,"Convention collective nationale du thermalisme (fusion entre la 2264 et la 2104)"
21adbfe8-4c55-46a7-8afc-fb6bd446143d,2120,"Convention collective nationale de la banque"
a2f46087-2cb8-4572-a7e6-3f081e49fc20,2121,"Convention collective nationale de l'édition"
2d5209d8-f556-4ec3-bdf3-bf8c32fefc0b,2126,"Convention collective régionale de la métallurgie du Gard et de la Lozère"
b193f427-98de-4b2c-8887-1db30263856d,2128,"Convention collective nationale de la mutualité"
c3b78cfd-177d-46b7-afea-a1b69859d88c,2147,"Convention collective nationale des entreprises des services d'eau et d'assainissement (entreprises en gérance, en concession ou en affermage assurent l'exploitation, le service, le pompage, le traitement et la distribution d'eau à usage public, particulier, domestique, agricole)"
89f13e54-21a3-4c4c-8a61-530bc74a2947,2148,"Convention collective nationale des télécommunications"
f16637d6-ff66-4a43-a90c-bd4c8b382767,2149,"Convention collective nationale des activités du déchet"
5bd6ab58-e4f2-4d3d-8900-7381227e506b,2150,"Convention collective nationale des personnels des sociétés anonymes et fondations d'HLM"
ec7cbceb-b3c7-4987-9aa8-615d1d962d1c,2156,"Convention collective nationale des grands magasins et des magasins populaires"
04f7b6a2-e278-4bb1-a9c3-b05ee4188af4,2190,"Convention collective nationale des missions locales et PAIO des maisons de l'emploi et PLIE"
18e72bd2-50f2-495c-82aa-dfdbfd26c41f,2198,"Convention collective nationale des entreprises de vente à distance"
b5c9f808-3758-4bdf-b04e-2be04c5defe3,2205,"Convention collective nationale du notariat "
1ef342f7-e37b-4474-899c-85e634b5f5fa,2216,"Convention collective nationale du commerce de détail et de gros à prédominance alimentaire (entrepôts d'alimentation, supérettes, supermarchés, hypermarchés, grande distribution)"
77fc6305-ae4b-4c88-82a0-5349afab15d2,2219,"Convention collective nationale des taxis"
1ceb674b-eca0-4365-9599-87a8575078dd,2221,"Convention collective régionale des mensuels des industries des métaux de l'Isère et des Hautes-Alpes"
e5986824-e23b-4a4e-aee7-9eb74db0b17c,2230,"Convention collective nationale des associations agréées de surveillance de la qualité de l'air (annexée à la convention collective nationale des bureaux d'études techniques, des cabinets d'ingénieurs-conseils et des sociétés de conseils 1486)"
dc9f223d-9741-40b1-9f1d-a87ff6dcd5ab,2247,"Convention collective nationale des entreprises de courtage d'assurances et/ou de réassurances"
a41dd57e-6d30-4b8f-91af-3ac0d12c6279,2250,"Convention collective régionale de la boulangerie-pâtisserie de la Guyane"
2dc0b35c-5cb0-4cf0-956d-1c2a95aa7d8f,2257,"Convention collective nationale des casinos"
5e26dd2a-75c2-4f5b-a944-e715ec4b5cb5,2264,"Convention collective nationalede l'hospitalisation privée (CCU, FHP, établissements pour personnes âgées, maison de retraite, établissements de suite et réadaptation, médicaux pour enfants et adolescents, UHP, sanitaires sociaux et médico-sociaux CRRR, hospitalisation privé à but lucratif FIEHP ) (fusion entre la 2264 et la 2104)"
dd107209-9092-4243-991c-11becc52eb2f,2266,"Convention collective départementale des industries métallurgiques, mécaniques, électriques, connexes et similaires de la Mayenne"
2e0ee6c7-8b17-4836-a830-cc9218d08623,2272,"Convention collective nationale de l'assainissement et de la maintenance industrielle"
b8f7c3a7-8584-42fb-8339-8a3ef18c4574,2294,"Convention collective départementale des industries et métiers de la métallurgie de l'Aube"
6eab5da3-f722-4c99-89c8-0eb410ad5f79,2328,"Convention collective départementale des ouvriers du bâtiment et des travaux publics de la Guadeloupe et dépendances"
19ec0857-33f2-431d-bb79-06c27e456b97,2332,"Convention collective nationale des entreprises d'architecture"
19e2e555-8e83-4d39-8358-b8bacf5d0eab,2335,"Convention collective nationale du personnel des agences générales d'assurances"
2c90b7b6-be92-4d89-bd9a-8e6c540a38e5,2336,"Convention collective nationale de l'habitat et du logement accompagnés"
6ccd2d69-1190-49ed-830c-a226c4ba049e,2344,"Convention collective nationale de la sidérurgie"
3e521a1f-a216-4287-a440-1538c2d6384b,2345,"Convention collective régionale du transport sanitaire en Martinique"
458a30c2-1248-4cc6-94f6-14ec18869812,2357,"Accord professionnel national du 3 mars 1993 relatif aux cadres de direction des sociétés d'assurances"
9856216d-aefc-4412-8914-e73cfc2194a4,2360,"Convention collective régionale des services de l'automobile de la Guyane"
86174d0d-3e88-46c4-bf34-00273c89f370,2372,"Convention collective nationale des entreprises de la distribution directe"
ae8c75a5-2a74-4f3f-8069-07d5e4d16cd2,2378,"Accords professionnels nationaux concernant le personnel intérimaire des entreprises de travail temporaire"
4b310e42-7b62-4a87-af0e-5873f285a603,2389,"Convention collective régionale des ouvriers du bâtiment et des travaux publics région de La Réunion"
754ebbd7-a5d3-4912-8f7f-a0ca12f943fc,2397,"Convention collective nationale des mannequins adultes et des mannequins enfants de moins de seize ans employés par les agences de mannequins (fusion entre la 2717 et la 2397)"
1adae849-7b78-4c62-a89c-61f035d2b2a1,2405,"Convention collective départementale des établissements d'hospitalisation privée de la Guadeloupe du 01/04/2003"
ec8de882-56a5-414c-87e8-e405a1275168,2412,"Convention collective nationale de la production de films d'animation"
8fa435d7-67b0-4330-abc4-c5eb3d9bd861,2420,"Convention collective nationale des cadres du bâtiment du 1er juin 2004"
91210afb-ab29-4f8a-888d-36de9210eb82,2480,"Convention collective locale de la manutention portuaire du port de Fort-de-France du 4 juillet 2003"
7f2b03b6-a443-4b14-a716-f6934567281c,2489,"Convention collective départementale des industries métallurgiques et assimilées de la Vendée"
f6c168e3-142a-48d1-9073-f25e7618cb46,2494,"Convention collective nationale de la coopération maritime"
0beb2f12-7263-4e3f-b708-87d49f468e80,2511,"Convention collective nationale du sport"
a4e5dd2a-d712-4a63-b80a-e5d190d92665,2528,"Convention collective nationale de travail des industries de la maroquinerie, articles de voyage, chasse sellerie, gainerie, bracelets en cuir"
104b2522-2b1e-4d35-b012-2aef38832942,2534,"Convention collective départementale de l'industrie sucrière et rhumière de la Martinique"
d9365763-2188-4f65-96ae-53f623d6d07c,2535,"Convention collective départementale dans la culture de la canne à sucre en Martinique"
1606fa03-3ce7-4a2b-a922-4c6301510a61,2542,"Convention collective départementale des industries métallurgiques, mécaniques et connexes de l'Aisne"
3ae0ab0c-a99f-412f-92c4-72c8eff1e82a,2543,"Convention collective nationale des cabinets ou entreprises de géomètres experts, géomètres topographes photogrammètres, experts-fonciers"
97c2f077-be85-4c2f-9eb9-13b6b88b7c6e,2564,"Convention collective nationale des vétérinaires praticiens salariés"
5c0a0c54-e389-45a3-b56c-c3911f6d374d,2579,"Conventions collectives départementales applicables aux entreprises des industries et métiers de la métallurgie du Loir-et-Cher"
88ee2eaf-ad0b-4b69-80ee-53f985bceab8,2583,"Convention collective nationale de branche des sociétés concessionnaires ou exploitantes d'autoroutes ou d'ouvrages routiers"
7dfb8988-9358-4483-a608-c48610396c6b,2596,"Convention collective nationale de la coiffure et des professions connexes"
a23ecf21-49ce-4701-93fa-d081f906b934,2603,"Convention collective nationale de travail des praticiens conseils du régime général de sécurité sociale"
8772bfe1-e561-414b-8fdf-dc8d19479cd3,2609,"Convention collective nationale des employés, techniciens et agents de maîtrise du bâtiment"
9ae18746-52c1-42aa-9adc-5b5313a01c61,2614,"Convention collective nationale des employés, techniciens et agents de maîtrise des travaux publics"
cba8085a-75d0-4874-a3b4-7f1b55136f95,2615,"Convention collective régionale de la métallurgie des Pyrénées-Atlantiques et du Seignanx"
cc4aee0f-6753-40db-b6d7-1429c416d78c,2630,"Convention collective régionale des industries métallurgiques des Bouches-du-Rhône et Alpes-de-Haute-Provence"
ffd464fc-4035-421f-b468-3733793d9904,2631,"Accord collectif national Branche de la télédiffusion. Salariés employés sous contrat à durée déterminée d'usage"
af2c81b7-bf9c-4954-95a7-b83c4a10b01c,2642,"Convention collective nationale de la production audiovisuelle"
00391732-cb28-458c-8775-ef32cc690a30,2658,"Convention collective régionale du travail des guides d'expédition, guides accompagnateurs et guides animateurs en milieu amazonien"
20babf6e-ee6a-4b3f-83ee-db50f1570c43,2666,"Convention collective nationale des conseils d'architecture, d'urbanisme et de l'environnement"
600e4c08-76a0-4987-8ac8-c76a5a5af0fe,2668,"Convention collective nationale de travail des cadres supérieurs des sociétés de secours minières et de leurs établissements, des unions régionales et des assistants sociaux régionaux"
c1bf2b8b-ea3c-4ce2-854c-9dcbbf83f846,2683,"Convention collective nationale du portage de presse"
9341f7d6-6e60-4eca-8bab-ec4099ec5154,2691,"Convention collective nationale de l'enseignement privé indépendant (hors contrat)"
b65f4f17-5dc1-4805-8bb0-a5b52ada02de,2697,"Convention collective nationale des personnels des structures associatives cynégétiques"
ba264f6b-4091-46c5-b0d0-813f0f2b7836,2700,"Convention collective départementale de la métallurgie de l'Oise"
de2d37f4-0116-4152-9e1d-369229d5e1f7,2701,"Convention collective départementale du travail du personnel des banques de la Guyane"
5c602460-ca60-4b2b-acc1-7d12016826c0,2702,"Convention collective départementale du travail du personnel des banques de la Martinique"
8838038b-17f2-45a4-a9a1-0335c288335d,2704,"Convention collective départementale du travail du personnel des banques de la Guadeloupe, de Saint-Martin et de Saint-Barthélémy"
9bb04ea2-9d80-4051-85dc-70b435759568,2717,"Convention collective nationale des entreprises techniques au service de la création et de l'événement (fusion entre la 2717 et la 2397)"
5aa4a774-82f3-4cc5-984b-485607def668,2727,"Convention collective nationale des omnipraticiens exerçant dans les centres de santé miniers"
d0bb1829-9e21-46ed-8ca9-16a4ab68e733,2728,"Convention collective nationale des sucreries, sucreries-distilleries et raffineries de sucre"
1636e49d-097c-4bad-b5e3-b8a80ebb9802,2755,"Convention collective départementale des industries de la métallurgie de Belfort/Montbéliard"
33e18d63-a3b4-4238-9576-d524748f3163,2768,"Convention collective nationale de travail des pharmaciens du régime minier"
b8ccf09b-9448-43b4-9f16-993847c233b1,2770,"Convention collective nationale de l'édition phonographique (annexée à la convention collective nationale de l'édition 2121)"
47199982-dc62-4594-9e0e-055e3afd210d,2785,"Convention collective nationale des sociétés de ventes volontaires de meubles aux enchères publiques et des offices de commissaires-priseurs judiciaires"
4375f3d2-e08f-438e-a538-33f65a16d4c7,2847,"Convention collective nationale de Pôle Emploi"
2842d23c-66d1-4bde-8361-1e15ecebcdb8,2870,"Convention collective régionale des ouvriers du bâtiment, des travaux publics et des industries et activités connexes de la Guyane"
eed18d20-0bd5-412c-a99b-03612ecad0a2,2931,"Convention collective nationale des activités de marchés financiers"
aee89a43-5c21-4662-9ca6-23cf695d9cb3,2941,"Convention collective nationale de la branche de l'aide, de l'accompagnement, des soins et des services à domicile"
37b5e276-0ceb-41c4-9746-f788996143b8,2964,"Accord collectif départemental relatif au transport de proximité public et privé de produits pétroliers et de liquides inflammables sur le territoire de la Martinique"
9d2416c9-4aef-4251-a361-db839480bc42,2972,"Convention collective nationale du personnel sédentaire des entreprises de navigation"
c6ed7779-bcd4-40f7-922f-6b5500c57772,2978,"Convention collective nationale du personnel salarié des agences de recherches privées"
7e06830e-51e7-4559-9d8c-6478c58b9177,2980,"Convention collective départementale de la métallurgie de la Somme"
49ff2598-e14c-4f6e-af68-7be86851341d,2992,"Convention collective départementale des industries métallurgiques, mécaniques, électriques, connexes et similaires d'Indre-et Loire"
4cbfa36b-79fd-440b-a8f0-1978c295ea1c,3013,"Convention collective nationale de la librairie"
8f6ca408-3f34-41f6-a825-760e2117b6ac,3016,"Convention collective nationale des ateliers chantiers d'insertion"
9ab394ae-7c2b-45d9-b1db-e14c0a25b9aa,3017,"Convention collective nationale unifiée ports et manutention"
ee059e57-a914-442c-b621-458daf64b91d,3028,"Convention collective régionale des transports routiers et activités auxiliaires du transport de la Guadeloupe"
ee0cf2f3-bae9-4388-8b6a-7e26eeef75c7,3032,"Convention collective nationale de l'esthétique - cosmétique et de l'enseignement technique et professionnel liés aux métiers de l'esthétique et de la parfumerie"
4cb957ee-01ec-4069-ac7c-612a94014c23,3043,"Convention collective nationale des entreprises de propreté et services associés du 26 juillet 2011."
8d9a8e2d-9f7f-4b28-921f-7f2777d3c70d,3053,"Convention collective départementale des industries de la métallurgie de Haute-Saône"
9dd4b1e2-1675-4fa1-9a8a-d9875258395b,3090,"Convention collective nationale des entreprises du secteur privé du spectacle vivant"
991606af-96f4-49e7-8cd7-a64991194840,3097,"Convention collective nationale de la production cinématographique"
1abbae46-449f-4861-8090-5582732e3705,3105,"Convention collective nationale des régies de quartier"
e3a59142-78a5-4e29-915c-1021c3b75451,3107,"Convention collective régionale des employés, techniciens et agents de maîtrise du bâtiment et des travaux publics et annexes de la Martinique"
a630c5e9-8753-4228-87dd-99d8d47aceff,3109,"Convention collective nationale des 5 branches industries alimentaires diverses"
fe2c9da0-405a-4e52-a5fc-f40a6165c56a,3123,"Convention collective régionale des ambulances Guyane"
c818dd21-6bab-43d0-b27c-52fd069a6aa0,3127,"Convention collective nationale des services à la personne du 20 septembre 2012"
e3513074-fb1d-4360-92c5-02fa06cadc9c,3128,"Convention collective régionale des employés, techniciens et agents de maîtrise du bâtiment, des travaux publics et des industries et activités connexes de la Guyane"
b2e4693e-6989-491a-99cf-5775656bdf2d,3144,"Convention collective régionale des ETAM du bâtiment et des travaux publics de la Guadeloupe"
f064faec-497a-4bb8-bd70-6b37125a2a9a,3160,"Convention collective nationale des associations de gestion et de comptabilité (annexée à la convention collective nationale du personnel des cabinets d'experts-comptables et de commissaires aux comptes 0787)"
ba10a05f-5817-418d-a383-c66f4502e8c9,3168,"Convention collective nationale des professions de la photographie"
23349b1e-5f6a-4f63-a560-e0ed42f6ac18,3203,"Convention collective nationale des structures associatives de pêche de loisir et de protection du milieu aquatique"
3489fcf5-eef5-4ee0-a41c-27766d6fe3d1,3204,"Convention collective régionale des ingénieurs et cadres du bâtiment, des travaux publics et des industries et activités connexes de la Guyane"
fd521fe8-35f3-4b6e-b86e-80b115cf3125,3205,"Convention collective nationale du personnel des coopératives de consommation"
ba16739f-7e64-43b4-918a-44199188b1f7,3206,"Convention collective départementale du personnel des cabinets médicaux de Martinique"
6052675b-9fd0-4b82-8a39-7ccf3f6ae023,3207,"Convention collective régionale des transports sanitaires de Guadeloupe"
a5336670-0056-48f4-8c4c-18e92caec336,3209,"Convention collective départementale des industries mécaniques, microtechniques et connexes du département du Doubs "
03ece32a-eca6-4a2c-bfd8-cec01459aacd,3210,"Convention collective nationale de la banque populaire"
6e3e26a5-9bf4-4aaa-b6d5-dce1756a5f4e,3212,"Convention collective nationale des cadres des travaux publics"
27473dfa-4ed3-4db1-8206-2d35811d409d,3213,"Convention collective nationale des collaborateurs salariés des entreprises d'économistes de la construction et des métreurs-vérificateurs"
23ee8a37-c9f9-4c45-9d58-9b823705f5fe,3216,"Convention collective nationale des salariés du négoce des matériaux de construction"
22038b96-cc7a-4d46-9c89-4d3ace7cea09,3217,"Convention collective nationale ferroviaire "
7057040f-fc3d-44a7-aa1c-fb7b0e911576,3218,"Convention collective nationale de l'enseignement privé non lucratif (EPNL)"
b05a95fb-1e15-448b-bbe3-54176a26a6fa,3219,"Convention collective nationale de branche des salariés en portage salarial"
9d4b149e-970f-4a99-9a16-f2cf3cf1c2a4,3220,"Convention collective nationale des offices publics de l'habitat"
014af55b-5ffc-483b-b86e-647f29a1fcb8,3221,"Convention collective nationale des agences de presse "
9374fbc6-c35b-4a57-a8cc-6cb54c49048b,3222,"Convention collective nationale des menuiseries charpentes et constructions industrialisées et des portes planes"
1cb08cfd-73b7-4334-8272-610bf64bc4b7,3223,"Convention collective nationale des officiers des entreprises de transport et services maritimes"
92a5e507-8559-42e9-9174-bed710b6894b,3224,"Convention collective nationale de la distribution des papiers-cartons"
6e29b10c-264e-4048-b840-d78ccf1b4f0e,3225,"Convention collective nationale des employés et des cadres des éditeurs de la presse magazine"
137c60ba-3d3c-4ac3-8d44-f4ab05346408,3227,"Convention collective nationale des industries de la fabrication de la chaux"
4f544ecf-1a42-4afe-ab18-dd013d87f6a1,3228,"Convention collective nationale du groupement des armateurs de service de passages d'eau - personnel navigant"
4ca988e9-4eec-490b-bc17-11eacc747b8c,3229,"Convention collective nationale du personnel sédentaire des entreprises de transports de marchandises de la navigation intérieure"
072e5a54-519a-4307-a609-17f2236e3397,3230,"Convention collective nationale de la presse d'information spécialisée "
bcca098a-e0c7-44d2-99b2-3277b1ce88e6,3231,"Convention collective départementale des industries métallurgiques, mécaniques, similaires et connexes du Jura"
a879e702-d098-49e7-8148-e04fc2387d5b,3232,"Convention collective nationale de travail des agents de direction des organismes du régime général de sécurité sociale"
727862f5-8eee-4ceb-907f-23fbdb44bd38,3233,"Convention collective nationale de la branche de l'industrie de la fabrication des ciments"
fc85496a-f361-4ed2-81d9-809104606d1f,3235,"Convention collective de la parfumerie sélective "
71b12c09-15e5-4f83-bd77-d93a077732a2,3236,"Convention collective nationale de l’industrie et des services nautiques "
a0f7ab5b-ff20-41dd-82d4-234419c9cd66,3237,"Convention collective nationale des métiers du commerce de détail alimentaire spécialisé"
040dd50c-d0d8-4a7d-8645-dc6a5bb6a62e,3238,"Convention collective nationale de la production et de la transformation des papiers et cartons du 29 janvier 2021"
f5d50e38-0a10-432a-82d7-c1bc52fe8935,3239,"Convention collective de la branche du secteur des particuliers employeurs et de l'emploi à domicile résultant de la convergence des branches des assistants maternels et des salariés du particulier employeur"
02e6e3c3-4bfa-4d96-b9b9-7d96f870ae39,3241,"Convention collective nationale de la Télédiffusion"
6f8f5f33-321e-4b9f-9487-049d5e9d3b89,3242,"Convention collective nationale de la presse quotidienne et hebdomadaire en régions"
62954220-2f09-4773-bff7-c08ef72af05d,3243,"Convention collective nationale des commerces de quincaillerie, fournitures industrielles, fers, métaux et équipement de la maison "
8e033444-ca4a-4827-af5c-72d295bfe84b,3244,"Convention collective nationale des professions réglementées auprès des juridictions"
50987c67-5f98-4b6c-87bd-4248edb631f8,3245,"Convention collective nationale des opérateurs de voyages et des guides"
c58bfea6-d613-4fb3-934e-fb89bb55a18e,3250,"Convention collective nationale des commissaires de justice et sociétés de ventes volontaires"
461d1fa9-f9f6-4617-bef0-b23fb66c156a,5001,"Statut des industries électriques et gazières"
e191483f-4374-4b81-99b0-489af09be9ef,5002,"Statut du Mineur"
c386cfbe-54b6-421a-a3f4-36d72a133374,5003,"Statut de la Fonction publique d'État"
f7328cc1-5973-4c6e-9a5e-312ee6e907f2,5005,"Statut des Caisses d'épargne"
151d82cb-4608-41d7-a674-bcaeb00f6c03,5008,"Statut de la Banque de France"
cdd3a062-a6ba-4599-85c2-f1567d8a1a4d,5010,"Statut des Chambres des métiers & de l'artisanat"
e192b667-1895-439a-82a7-d4efe4c4a999,5011,"Statut de l'Aéroport de Paris"
fb0a1c67-165c-4fc5-bbe4-b7945f3c7e1d,5012,"Statut des chemins de fer"
79266104-3843-49a7-b8bd-82dd8bbdd5c4,5014,"Statut de la RATP"
e0151cac-2cce-4b92-b807-364b1dc1c42d,5015,"Statut du CNRS"
7687982d-96ad-4979-a1d4-fd6ba55979b7,5017,"Statut de l'Église ou convention diocésaine"
61dc4e98-5df9-42ce-8836-16414ab88a01,5018,"Statut des Chambres de commerce et d'industrie "
89b4d60a-f19d-4769-a01c-f5f8dca4a890,5019,"Statut des Chambres d'agriculture"
f5fc350e-ae65-484f-8b2b-5f353abead88,5021,"Statut de la Fonction publique territoriale"
4030d3e7-84f2-4b0e-9cf0-64721d1901d6,5022,"Statut de la Fonction publique hospitalière"
d41a0480-df5d-4457-93b0-398ccfe5c80c,5023,"Statut Vivea"
a817b3fa-607e-4d06-bfec-4d38b97cd75b,5024,"Statut des chefs d'établissement de l'enseignement catholique"
634ff787-f3ab-48c8-8bc0-271733b7e130,5025,"Statut des personnels des organismes de développement économique"
988a5986-d180-4c87-87ce-3a8f3cfdcba5,5100,"Statut divers ou non précisé"
29f3221e-7510-422d-806b-1af403cffe5f,5200,"Grille d'usage Mars PF (Non conventionnelle)"
ebb4a748-e1e9-4972-8a54-c5ed6650f63e,5201,"Recommandations ANIL ADIL (Non conventionnelles)"
ee51ed6c-d0f6-484d-ac20-b9dd2d409fc8,5203,"Ancienne convention collective nationale des peintres en lettres et publicité peinte (dénoncée, mais pouvant servir de grille d'usage d'établissements réputés sans convention)"
0587969a-f0ae-48a8-bef8-ed625f6b1f94,5204,"Grille d'usage MSF logistique (Non conventionnelle)"
e92140e1-139f-4d6c-a313-f98400ae5fc1,5205,"Convention d'entreprise CSE Air France exploitation hub"
caed73fe-7bd0-416d-a053-922ab2375abf,5501,"Convention d'entreprise indépendante ou texte assimilé non précisé"
f26fce8e-0cc7-4176-8342-7e78cabdbed9,5502,"Convention d'entreprise Croix Rouge"
57ce7cf0-b602-4f08-b5c8-97059d21f114,5503,"Convention d'entreprise SEITA (LOGISTA France)"
f5a3fef6-cafc-4ae3-87b8-5e116a5ad5ec,5505,"Convention d'entreprise CEA"
de250165-1b70-495b-aafb-cf257189829b,5506,"Convention d'entreprise Crédit agricole SA"
3b63422d-a205-4ec1-841a-1c3e6dd9d842,5507,"Convention collective nationale des administratifs du football (n'est pas considérée à l'heure actuelle comme une convention de branche)"
a3566603-bfed-4bc1-aa79-8b3e77066e6e,5509,"Convention d'entreprise PMU"
ae93df9e-0e14-4e8a-a00c-cbb76d8298bc,5513,"Convention d'entreprise IFREMER"
15e091be-7f12-46cb-a03e-c8484e6799bf,5514,"Convention d'entreprise Crédit Foncier"
d198f5a5-e239-4760-b98f-c518f3a1d230,5516,"Convention d'entreprise La Poste - France Télécom"
c6ab0ffa-a2db-43f7-bbc4-ab887f30595e,5519,"Convention collective nationale des salariés administratifs des sociétés de secours minières  (n'est pas considérée à l'heure actuelle comme une convention de branche)"
6fe394de-73ef-455b-b902-ec040e25dc26,5521,"Convention collective nationale du personnel navigant d'exécution du transport maritime"
e27de298-d5af-40bf-a5cc-94c4de5ab883,5522,"Convention d'entreprise Établissement français du sang"
0a68ef06-b4a4-4649-b322-f0a2ce47b7a2,5524,"Convention d'entreprise France terre d'asile"
406968d7-f46e-4687-a06d-cca706d76ea2,5526,"Charte du football professionnel (n'est pas considérée à l'heure actuelle comme une convention de branche)"
b5a3520d-2b31-4822-98db-55950114c06e,5530,"Convention d'entreprise Adoma (ex Sonacotra)"
1bd2ac82-2bca-401f-8c68-03284d16e965,5531,"Convention d'entreprise Syngenta "
22f39c6d-fac3-42bf-bde7-4a8a81941c3d,5532,"Convention d'entreprise INRS"
fc9cc043-c01e-4618-af1b-1b4c50d0dcd4,5533,"Convention du comité d'entreprise SNCF"
a41039e6-eddf-4643-a696-fd2ccf5ae39e,5537,"Convention collective nationale des dentistes des sociétés de secours minières (n'est pas considérée à l'heure actuelle comme une convention de branche)"
0416046e-d3ae-4653-8434-375f3f622436,5538,"Convention collective nationale des médecins spécialiste des sociétés de secours minières (n'est pas considérée à l'heure actuelle comme une convention de branche)"
233461d5-0076-412b-8c60-c45a3d871ca2,5539,"Convention d'entreprise AFPA"
5f8bd863-6f1a-4441-8882-5a0545ba42a3,5541,"Convention collective nationale du rugby professionnel (n'est pas considérée à l'heure actuelle comme une convention de branche)"
a8109225-a8eb-452e-9368-d92dc1038c04,5542,"Convention collective nationale du  basket ball professionnel (n'est pas considérée à l'heure actuelle comme une convention de branche)"
52a806ac-8133-4f73-9f49-5d11fb5f70bf,5545,"Convention d'entreprise des restaurants PTT"
fec97232-04dc-4d7f-99e1-c83d2789b42e,5546,"Convention d'entreprise CNES"
08ea15ac-e411-4ab3-bd7e-1b4abb7aeb74,5547,"Convention d'entreprise Club Méditerranée"
f30b1e23-b9f7-42f0-b234-cf61429c481f,5548,"Convention du comité d'entreprise RATP"
34a2f2e2-b86c-4fbf-a5ba-63d5fe4b6a9c,5549,"Convention d'entreprise IRSN"
c99a00d8-03b0-4cab-9779-f4b8a05a7839,5551,"Convention d'entreprise Institut Pasteur"
ea9de12e-1bd3-4771-a8bc-6b7d6ff167fd,5552,"Convention d'entreprise Société d'agences et de diffusion"
df7f59fc-c45b-430a-852d-34472a54f368,5553,"Convention d'entreprise CCAS"
9d123e35-fca4-428d-b34f-46305452a1ac,5554,"Convention collective nationale des officiers du Remorquage maritime "
27263749-b653-4497-a768-3b85b50d5bb6,5555,"Convention collective nationale des navigants d'exécution du Remorquage maritime "
113cee96-b236-4ab8-a83c-0d04c1ff4515,5558,"Accords-convention d'entreprise basés sur l'Accord national Multiservice immobilier et facilties management"
dc6bb1ab-49d4-498f-b247-f086f75c27be,5559,"Convention d'entreprise Alliance emploi"
56fcbbda-07ab-4ddd-9fa2-858a72cec220,5562,"Convention d'entreprise Talc de Luzenac"
1adf9dc3-fb37-405b-9744-18792038078e,5563,"Convention d'entreprise Réunion des musées nationaux"
3927321f-d6d8-4f60-a39a-7ddc6d8f6c2e,5564,"Convention d'entreprise APEC"
4deea544-b953-4ca0-ac71-8cc934307efe,5566,"Convention d'entreprise Société Protectrice des Animaux"
86d1464e-51d2-4f8e-9800-a34f9bac1cfd,5568,"Convention d'entreprise CIRAD"
013065ed-c4d4-4a53-a732-66a1d664f67a,5569,"Convention d'entreprise Comédie française"
3492f085-1b88-41b1-a93a-578531552f1f,5570,"Convention d'entreprise Opéra de Paris"
60d015aa-1d1e-4122-98fe-dfc03775cde7,5571,"Convention d'entreprise Fondation d'Auteuil"
bb63a93f-66f4-440d-b97c-d0e0c1393f74,5572,"Convention d'entreprise Kiloutou"
e1165a5c-53df-4106-b6a6-0aeda2645d04,5573,"Convention d'entreprise UGAP"
b34890b0-3160-4ace-a8a7-711369762d67,5576,"Convention du groupe AGEFOS PME"
8fa518cc-548a-4988-9c3d-f146e70ec24d,5577,"Convention d'entreprise Agence Française de Développement"
5d6fa7d9-6a87-47b6-986c-37bb4e706b99,5578,"Convention d'entreprise Agence Nationale pour les Chèques Vacances"
3b08613d-975c-4840-93ae-0b151e8888ee,5580,"Convention d'entreprise Radio France "
8f9a5b22-d8fc-46ed-b90b-ca3687ed258c,5583,"Convention d'entreprise Voies navigables de France"
30fbf45c-0092-4968-88fe-59a93dec8bcf,5584,"Accords-convention d'entreprise Laboratoire national de métrologie et d’essais"
fe896548-cccf-4e21-bf4b-87b71a9772ac,5585,"Accords-convention d'entreprise Pioneer"
1a73b06d-b199-42dc-ac15-ae02a663ed87,5586,"Accords-convention d'entreprise SACEM"
cf91206e-4d93-4575-bc69-f354b930d329,5587,"Accords-convention d'entreprise Cité de la musique"
081f3811-fc33-4294-ab98-2fdc373064da,5588,"Accords-convention d'entreprise SACD"
d9356418-5bfd-4648-94a3-b2fe458f6f85,5589,"Convention d'entreprise ARPEJ"
90ff956a-495a-4315-b06b-0c9fb18a41cb,5590,"Convention d'entreprise OPCALIM"
135c41f7-8054-4e73-a399-b6b525c352d6,5591,"Convention d'entreprise Louis Vuitton services"
09a79115-99bd-4a36-b4d8-04ba26299a77,5592,"Convention d'entreprise UES CAMIF"
727c903e-dd46-454d-8ae2-e9085664bbd0,5593,"Accord de référence FNAB"
3c4cb6b4-1a7a-4e6c-a13c-0f69266108b9,5594,"Convention d'entreprise Ortec Services"
5683cab0-5882-435d-9ea7-ca8343bddd16,5595,"Convention d'entreprise Sede environnement"
d9343099-ee43-40c4-87eb-34b80765ad2a,5596,"Convention d'entreprise Compagnie des Alpes"
085fa51b-2f94-4a4d-a7ca-a56717287d93,5598,"Convention d'entreprise Eurotunnel"
04717b72-24f1-4c4a-843a-61df9d85ab32,5599,"Convention d'entreprise Havas"
6711c2c2-6ff2-40eb-9f7f-d692e622c30e,5600,"Accords-convention d'entreprise CGG Services"
61c59280-52f5-429d-a5bc-70fe1ce0cca5,5601,"Accords-convention d'entreprise COSEM"
c67ac6ef-5fb4-4e81-8341-e29ada180132,5602,"Accords-convention d'entreprise Bureau de recherche géologiques et minières "
03ad0cd2-3d62-43ae-9c37-837ef58f3b09,5603,"Accords-convention d'entreprise Synchrotron Soleil"
dd40ef33-bd6e-4f64-8381-18844ba71e1b,5604,"Accords-convention d'entreprise Accor"
677fc189-4cf1-4404-89ac-085550d4b76a,5605,"Convention d'entreprise Blondel aérologistique"
c40e152f-7142-4218-aed5-48f2cac1aba3,5606,"Convention d'entreprise ANFH"
b0c750b6-fbf6-44eb-b0c3-a71292cd3108,5607,"Convention d'entreprise Danone"
6d74fc8c-436c-4063-b935-88eb1607a72e,5608,"Convention d'entreprise Arvalis institut du végétal"
718bc665-4acd-430f-bba6-f37909bbc5a3,5610,"Convention d'entreprise Cinémathèque française"
39f4164d-7677-4ee6-82e4-4f5c20de6163,5611,"Accords-convention d'entreprise ADIE"
27c0158b-d827-416e-962d-2a638b83ab0a,5614,"Convention d'entreprise Institut de l'élevage"
5e852d1e-8b2a-48e6-a399-5728999828a9,5615,"Convention d'entreprise Forum des images"
4471f064-adb2-4b14-b991-990510d60b42,5616,"Accords-convention d'entreprise CTC"
229f5315-12eb-4e57-b9e2-09574f1326c0,5617,"Accords-convention d'entreprise Sodexo Justice Services"
dbd94686-d4f1-4538-abc7-c4f595a1fc0a,5618,"Accords-convention d'entreprise ADEF"
f883adcc-1f20-4346-8695-b3de1205676c,5619,"Convention collective nationale provisoire de la pêche professionnelle maritime"
a47a88c8-1a7a-4219-990e-829ef3904cf9,5620,"Convention d'entreprise Messageries lyonnaises de presse"
bcaf4008-5af8-4794-9d5f-d59dd5bfcb36,5621,"Convention d'entreprise Fondation Jean Moulin"
000e48aa-4643-4ddc-a3f8-5481529a0324,5622,"Accords-convention d'entreprise CCFD Terre Solidaire "
339e2cf5-1955-4b58-992d-39145e7292e4,5623,"Convention d'entreprise du groupement national interprofessionnel des semences graines et plants"
81f2aa1c-be95-4b9d-bc98-6ab4d61bb12d,5624,"Accords-convention d'entreprise Secours catholique"
aa619853-f804-499e-9d1a-92bd75ce8060,5625,"Convention d'entreprise Médecins du monde"
d7b97e7d-a70e-496b-b775-1054e26e5a34,5627,"Convention d'entreprise du Groupe Technique des Hippodromes Parisiens"
7ef7734d-fd67-4bdb-b790-350caa167212,5628,"Statut-convention d'entreprise d'ACPPA"
dfb93960-9f31-42ce-b68f-5be11794e9b4,5629,"Convention d'entreprise d'Unifomation"
856fb126-5067-473c-95ac-d3836a64104c,5630,"Accords-convention d'entreprise France active"
88701085-301f-4f51-90b8-79d1cb7bfb72,5631,"Convention d'entreprise UNAF"
4c2815d9-f44c-4fd1-b2fb-39b7a776c5b9,5632,"Accords-convention d'entreprise Sodiparc"
62d0a9ad-a13d-415b-b689-7e952d696649,5633,"Accords CFA-BTP (numéro provisoire)"
aa97106a-1c8c-4c79-a856-2c5269af53fa,5634,"Accords collaborateurs parlementaires de députés (numéro provisoire)"
d552d5eb-2058-4e23-91a8-c3af185c65a3,7001,"Convention collective nationale des coopératives et SICA de production, transformation et vente du bétail et des viandes"
3db34a46-6f35-4c09-8424-3996d1017de7,7002,"Convention collective nationale des coopératives et SICA de céréales, de meunerie, d'approvisionnement et d'alimentation du bétail et d'oléagineux"
c5e1ff04-0de9-4a38-9c3b-03003991a216,7003,"Convention collective nationale des coopératives agricoles, union de coopératives agricoles et SICA fabriquant des conserves de fruits et de légumes, des plats cuisinés et des spécialités"
c33d6da8-f78d-4bc6-973d-23e201e5b421,7004,"Convention collective nationale des coopératives laitières, unions de coopératives laitières et SICA laitières"
2bcccf44-723b-46e7-b8a7-63ef5edeb49d,7005,"Convention collective nationale des caves coopératives et de leurs unions élargie aux SICA vinicoles"
5366f424-b67a-4519-a600-3c5b0fd3f883,7006,"Convention collective nationale des coopératives, unions de coopératives agricoles et SICA de fleurs, de fruits et légumes et de pommes de terre"
2384d3b8-1051-4803-8c99-e5070a14a536,7007,"Convention collective nationale des coopératives, unions de coopératives agricoles et SICA de teillage de lin"
930b7565-2de4-47c7-a9ec-ddfc8858252a,7008,"Convention collective nationale du personnel des organismes de contrôle laitier"
bb08467f-217b-4088-bc6d-22f265c3fabd,7009,"Convention collective nationale des entreprises d'accouvage et de sélection de produits avicoles"
8959e840-6e70-4598-a0aa-26f83ffedffd,7010,"Convention collective nationale du personnel des élévages aquacoles "
924f45c5-fea2-4ac7-98dc-efaa99c1fd06,7012,"Convention collective nationale des centres équestres"
89656ab5-243d-4b54-9180-ee6a0130d239,7013,"Convention collective nationale des établissements d'entraînement des chevaux de courses au trot"
78974488-6505-4b5f-9680-abb5be96af47,7014,"Convention collective nationale des établissements d'entraînement des chevaux de courses au galop"
d785fba5-3759-4a15-a870-24c5d70abd07,7017,"Convention collective nationale des parcs et jardins zoologiques ouverts au public"
8451e434-c942-46fd-b0e9-a6b01e921cb2,7018,"Convention collective nationale des entreprises du paysage"
8de1f1a2-db24-4f53-9aec-b9c9d4c89c3a,7019,"Convention collective nationale de la conchyliculture"
6abd7581-e364-42ed-9327-09ac35a760b9,7020,"Convention collective nationale du réseau des centres d'économie rurale"
5b34bc9c-805b-48e0-b58c-446aa3362b05,7021,"Convention collective nationale des entreprises relevant de la sélection et de la reproduction animale"
73e707ee-dcf6-4fcb-a0a3-7cca2d59b514,7023,"Convention collective nationale des entreprises agricoles de déshydratation"
8f7f726b-a667-444d-96df-68ae7c3d928d,7024,"Convention collective nationale PA/CUMA "
49cd6d44-c051-4988-89ed-5353d39c1e99,7025,"Convention collective nationale ETARF"
89738563-c087-4fb4-ad41-3285a3ad7661,7501,"Convention collective nationale des caisses régionales du crédit agricole"
5ac83671-b7d0-48a6-a653-b4e2396493f0,7502,"Convention collective nationale de la Mutualité sociale agricole"
9f81652a-74b5-4b7f-830f-9fb497f91fc4,7503,"Convention collective nationale des distilleries coopératives viticoles et SICA de distillation"
8e77a415-8220-4e5a-b4aa-ac8787ea1a9b,7508,"Convention collective nationale des Maisons familiales rurales, instituts ruraux et centres"
498c916e-81ad-40d8-b2f3-abe20b1d3295,7509,"Convention collective nationale des organismes de formation et de promotion agricoles"
ad51fb80-2fc7-448d-acb2-ae5a439bff75,7513,"Convention collective nationale des centres d'initiatives pour valoriser l'agriculture et le milieu rural"
381314c6-022b-4d37-adbb-4c609bfa538d,7514,"Convention collective nationale des organismes de la Confédération paysanne"
7a60f95d-dccb-452f-ab28-1ec498f32091,7515,"Convention collective nationale des sociétés d'aménagement foncier et d'établissement rural (SAFER)"
c2cfe695-df79-40ab-a079-a207ade97540,7520,"Convention collective nationale de l'enseignement agricole privé (CNEAP)"
c6c80d06-71f0-45a9-b629-762e5b8650e5,8112,"Convention collective régionale de la polyculture Île-de-France non cadres"
039b82e7-0ea2-448a-8522-645edf24ede7,8113,"Convention collective régionale de l'arboriculture maraîchage Île-de-France"
2bdb5bb1-517b-4471-b537-c7f8e5d3e194,8114,"Convention collective régionale des champignonnières Île-de-France"
1ac5d0f0-0042-452e-adf8-f474edc953ca,8115,"Convention collective régionale des hippodromes Île-de-France Cabourg Caen Chantilly Deauville"
6f6f1483-8429-492e-9fcf-a3b9dab4ba61,8116,"Convention collective régionale de la polyculture Île-de-France cadres"
83bfc198-3a10-44c6-a81d-49f25530c8c8,8117,"Convention collective régionale des exploitations polyculture élev CUMA Seine et Marne ETAR Ile de France"
cad2c8c9-02a1-48ee-a7e3-21c330f85092,8211,"Convention collective régionale des exploitations forestières Champagne Ardenne"
b3a2780f-bff9-4b55-80ae-a53c6508d55c,8212,"Convention collective régionale des scieries Champagne Ardenne"
fa0d2d8e-cbbd-457c-b203-366631e8b971,8214,"Convention collective régionale des ETAR Aube Marne polyculture Marne"
b264a144-cadd-497d-a803-2c048bfd4241,8216,"Convention collective régionale de la viticulture Champagne"
dfa15530-022e-4d91-97a4-457ebfff05f1,8221,"Convention collective régionale des champignonnistes Oise Aisne"
8252f547-6528-4897-8023-25131feddf67,8231,"Convention collective régionale des exploitations forestières Haute Normandie"
021f11f0-0e83-4d12-a2e7-65f4faf6f8e7,8233,"Convention collective régionale des ETAR Haute Normandie"
826439bd-e5f8-4ad4-8350-b6e9329d6c27,8234,"Convention collective régionale de l'horticulture et pépiniéristes Haute Normandie"
ff633e3b-1ba6-4a7f-ae6c-f055e2726652,8241,"Convention collective régionale des exploitations forestières scieries Centre"
4afa23da-6f8d-4b95-9dfa-2249687a4dfa,8243,"Convention collective régionale des champignonnières Centre"
5e500d17-abe1-4c0c-9261-89682f868745,8244,"Convention collective régionale maraîchère Indre Cher"
23a08e80-6ac8-47a4-a05d-92cb275b5617,8251,"Convention collective régionale des exploitations forestières scieries Calvados Manche Orne"
9c171076-fb06-48fd-b069-e268d2e1a9f8,8252,"Convention collective régionale des travaux agricoles Basse Normandie"
6513b95a-082c-49af-a270-bd61962b88ed,8262,"Convention collective régionale des exploitations agricoles Côte d'or Nièvre Yonne ETAR CUMA Côte d'or"
1466f575-0173-4c69-8a15-abead671666a,8311,"Convention collective régionale des exploitations forestières scieries Nord Pas de Calais"
eaf86d1b-c2d7-463a-94cb-224565fd3141,8313,"Convention collective régionale des ETAR Nord Pas de Calais"
42de7975-b9d3-42af-8c05-5ce1b3a73067,8412,"Convention collective régionale des scieries agricoles Alsace Lorraine"
3483ce94-a4aa-459b-99dc-477606d56613,8414,"Convention collective régionale maraîchère Meurthe et Moselle Meuse Moselle et Vosges "
c3b0d291-7948-42a6-a88a-e3b71ddedea2,8415,"Convention collective régionale des exploitations forestières Lorraine"
db86864b-d5fe-432e-94c4-5bf25345907e,8416,"Convention collective régionale de polyculture Lorraine"
9524dd5c-7029-48fd-b7ff-a5f2c9739b61,8421,"Convention collective régionale des exploitations forestières Alsace"
c117e0e8-1233-4569-97e9-d96e9b7e3e57,8422,"Convention collective régionale de polyculture Alsace"
f4dbf5ff-90cb-4b67-8787-3cf2d0331ebd,8431,"Convention collective régionale des exploitations forestières Doubs Jura Haute-Saône Territoire de Belfort "
b0f34a02-7f0b-464f-b216-cca7a3fe537f,8432,"Convention collective régionale des scieries agricoles Franche Comté"
4ce9dee5-d604-4813-a1d7-58298aba10a3,8433,"Convention collective régionale de l'horticulture Franche Comté"
401c4397-e9f4-4313-8183-1fdfa085dace,8434,"Convention collective régionale des cultures CUMA ETAR Franche Comté"
ffb0651f-e5c7-4d1b-9fa7-1b6f8f1c1dbc,8435,"Convention collective régionale des coopératives fruitières Ain Doubs Jura"
3bec28f7-9925-4b6d-804c-b7e063502f13,8522,"Convention collective régionale des exploitations forestières scieries Pays de la Loire"
09744165-45b4-494a-b221-f1149a09f919,8523,"Convention collective régionale des exploitations sylvicoles Pays de la Loire"
33e185ff-ddf5-4b6f-bde2-d88df6f8923e,8525,"Convention collective régionale des ETAR Pays de la Loire"
4f6185de-9504-423a-bde7-e1b51d207b0f,8526,"Convention collective régionale de l'arboriculture fruitière Ouest de la France"
52c354aa-ad92-4921-a04e-5651c4cb4eba,8531,"Convention collective régionale des exploitations forestières scieries Bretagne"
920415b0-397c-454b-b47e-de7f02594142,8532,"Convention collective régionale des ETAR Bretagne"
4eb4c0d5-15dd-49fd-b1ff-332f5f30b379,8534,"Convention collective régionale maraîchère Ille et Vilaine Morbihan"
2a55ae60-6254-43aa-b2e8-d6ce6c1c3c25,8535,"Convention collective régionale des CUMA Bretagne Pays de la Loire"
2168e625-e077-4899-a1a8-cddc58256ccc,8541,"Convention collective régionale des exploitations forestières scieries Poitou Charentes"
f85cfe61-fd74-4eb1-a05a-ad069518db60,8542,"Convention collective régionale des ETAR Vienne Deux Sèvres production agricole Vienne"
b5e254e9-2e66-4031-97e6-bbb01ff53e31,8721,"Convention collective régionale des exploitations forestières scieries Massif Gascogne"
c69e1816-3d19-4b8c-a0a7-6b62bba1db6f,8722,"Convention collective régionale de gemmage forêt Gascogne"
99c71d3d-fce5-42a9-976d-315e113dc002,8723,"Convention collective régionale de l'entretien forestier Gascogne"
50c1de69-50ce-443b-b19c-d8d1c4af2b0c,8731,"Convention collective régionale des exploitations forestières scieries Midi Pyrénées"
058110f1-0d00-4038-8906-858f49b2f33e,8733,"Convention collective régionale des CUMA Tarn Haute Garonne"
eaee0705-19db-41be-a423-737fcbc401f6,8734,"Convention collective régionale de l'horticulture Midi Pyrénées"
c7504a07-27b7-4325-b363-dffb4b459914,8741,"Convention collective régionale des exploitations forestières Limousin"
e55a2faf-b9d3-44b7-bb18-61ee4028312b,8821,"Convention collective régionale des ouvriers forestiers communes ONF Rhône Alpes"
81a24fe3-e94f-4079-92b6-3ccbb8ad556b,8822,"Convention collective régionale des exploitations forestières scieries Rhône Alpes"
ff2e869e-3f95-47fc-b0d0-b6ff99e5f363,8825,"Convention collective régionale de polyculture CUMA Rhône Alpes cadres"
c74748c7-27bc-4fca-8614-7600ac1a23b5,8826,"Convention collective régionale des exploitations trav agricoles CUMA Savoie Hte Savoie"
41ae788d-dbf9-4b41-b5f1-d868714e61d0,8831,"Convention collective régionale des exploitations forestières scieries Auvergne"
8dce5ee8-3edb-4dde-a86d-27a3c534d6a1,8832,"Convention collective régionale de polyculture CUMA Haute Loire Lozère"
93bee8bf-578b-41c2-828b-8c889d2d5c20,8912,"Convention collective régionale des ETAR Languedoc Roussillon"
61142b19-81a5-49f9-9e24-fd0894fac7f8,9011,"Convention collective départementale des exploitations agricoles Ain"
c1b0f6e1-f944-4962-a436-f00bfd589891,9021,"Convention collective départementale des exploitations polyculture Aisne"
f45ec425-3344-42f9-88f3-02415d00f222,9022,"Convention collective départementale des exploitations forestières Aisne"
3098279d-dfd3-4ecb-90d3-addfed901842,9032,"Convention collective départementale des exploitations agricoles Allier"
9d18daf9-5ef2-4d70-9b8c-78c46015dee9,9041,"Convention collective départementale des exploitations agricoles Alpes de Haute Provence"
e5105e6c-3e8d-43c8-9ee4-b8477256990b,9051,"Convention collective départementale des exploitations polyculture Hautes Alpes"
f958e6be-94e0-4759-9e70-fc0a9afd2aa2,9061,"Convention collective départementale des exploitations polyculture Alpes Maritimes"
83b6e957-7711-4661-a827-9eb1df7e9ab4,9062,"Convention collective départementale des exploitations forestières scieries Alpes Maritimes"
1c7f3faa-0f36-4aad-92ea-c0b51456d4f2,9071,"Convention collective départementale des exploitations agricoles Ardèche"
2ec8070d-e97c-4ae2-83ce-fc8c15159040,9081,"Convention collective départementale des exploitations polyculture Ardennes"
72cc4259-3205-45ec-8704-3ff540fbc1fe,9091,"Convention collective départementale des exploitations agricoles Ariège"
8502eecc-6185-486c-89fc-8a2bc90b81e5,9101,"Convention collective départementale des exploitations polyculture Aube"
98cc1cc2-ef09-45d9-a612-ff5ad25d5454,9103,"Convention collective départementale de sylviculture Aube"
f77a07af-60df-4cff-81a2-be0c9c778613,9111,"Convention collective départementale des exploitations agricoles zone céréalière Aude"
d9439288-ab44-4064-9e4b-f380ca2bf7db,9112,"Convention collective départementale des exploitations agricoles zone viticole Aude"
26ae8c39-4bab-49fb-b19e-ff3c50d73c17,9121,"Convention collective départementale des exploitations agricoles Aveyron"
61c0ab29-b850-42f4-a937-49d2197af10d,9131,"Convention collective départementale des exploitations agricoles Bouches du Rhône "
a91341a4-959a-4434-9600-60f0c2cab897,9141,"Convention collective départementale des exploitations polyculture et CUMA Calvados"
674beece-fa01-4153-8f17-57533480c97b,9142,"Convention collective départementale des exploitations horticoles fruits Calvados"
fc212379-e625-48e6-be75-417eb0352c94,9151,"Convention collective départementale des exploitations polyculture Cantal"
2ac9c9b4-6449-4219-aea1-d4d48158ab89,9161,"Convention collective départementale des exploitations agricoles Charente"
6efc9977-1d6e-4a4c-9aaf-a9160e0bce70,9171,"Convention collective départementale des exploitations polyculture Charente Maritime"
c267b1a6-e1b5-4665-b9f9-b49538284f01,9181,"Convention collective départementale des exploitations polyculture Cher"
2a5793af-bc76-4ba6-ad9e-a4731e36d818,9182,"Convention collective départementale des exploitations pépinières horticulture Cher"
427875a8-c7fb-4784-a9b3-e8b10fa4eeed,9191,"Convention collective départementale des exploitations agricoles Corrèze"
241162a5-3826-49a2-acd4-e3106115cb8d,9201,"Convention collective départementale des exploitations agricoles Corse du Sud"
1c645160-f1b1-4561-a52f-439936c2c2e0,9202,"Convention collective départementale des exploitations agricoles Haute Corse"
ff159ff7-e217-43ca-b0a8-4c67aaa067f1,9211,"Convention collective départementale des exploitations forestières scieries Côte d'or"
1537940a-2eff-4eff-8b8d-d315afa7162d,9221,"Convention collective départementale des exploitations polyculture Côtes d'Armor"
7ce7bca6-5d2a-4b69-8855-3e3d0abc8cc5,9222,"Convention collective départementale des exploitations pépinières horticulture Côtes d'Armor"
260b5145-0df3-408d-80e9-7eac4d3d5145,9231,"Convention collective départementale des exploitations agricoles Creuse"
f15f246d-e5f0-48c8-98d6-a81d3c0fd7be,9232,"Convention collective départementale des exploitations pépinières sylvicoles Creuse"
221f536c-f088-41a8-8e9d-ec3c2e4f381d,9241,"Convention collective départementale des exploitations agricoles Dordogne"
06002f2a-2cb5-4e86-9078-f33283b6d051,9261,"Convention collective départementale des exploitations agricoles Drôme"
f053efe0-32ed-4a10-9ea2-7b1bbe49bb5e,9272,"Convention collective départementale des exploitations polyculture Eure non cadres"
730f9818-3e82-4e91-9ead-7a64a83934f9,9273,"Convention collective départementale des exploitations polyculture Eure cadres"
d0aa4dc7-d119-472b-846f-ac078f208c50,9281,"Convention collective départementale des exploitations polyculture, élevage et CUMA Eure et Loir"
e41eb47a-b0c7-4b90-ba86-e8b65ba0f72f,9283,"Convention collective départementale des exploitations horticoles fruitières jardinerie Eure et Loire"
723fa476-8c83-4737-9fdc-a7e3ac5ae952,9291,"Convention collective départementale des exploitations polyculture, élevage et maraîchage Finistère"
0bce485a-0691-4bd5-b709-924ccc5a410e,9292,"Convention collective départementale des exploitations pépinières horticulture Finistère"
f6ccdec7-b9e5-4c22-b0e8-80819977d187,9301,"Convention collective départementale des exploitations agricoles Gard"
dc606727-a32b-4a35-b369-5860e1ab41dd,9302,"Convention collective départementale des exploitations agricoles Gard cadres"
a930adf5-54ce-4ae8-8d15-10ebd76e1559,9311,"Convention collective départementale des exploitations agricoles Haute Garonne"
d27fed66-5ac1-4b06-adea-10b5964c3ecb,9321,"Convention collective départementale des exploitations agricoles Gers"
56d9374d-872c-4bc4-bf7c-ef8a7c2ef6ab,9331,"Convention collective départementale des exploitations agricoles Gironde"
42543779-21c2-4ecf-a963-add4769c80d8,9341,"Convention collective départementale des exploitations agricoles Hérault"
9ab1f5a4-43a8-440b-9046-5fe0361fa580,9351,"Convention collective départementale des exploitations polyculture, élevage et CUMA Ille et Vilaine"
c89f5f7e-13a5-4975-a7fa-e40b433808a6,9352,"Convention collective départementale des exploitations pépinières horticulture Ille et Vilaine"
d2200ba4-7c86-4bb6-8c8a-bb933f54ffea,9361,"Convention collective départementale des exploitations polyculture, élevage et CUMA Indre"
6b04390a-966c-45b0-b36c-b548af8aa484,9362,"Convention collective départementale des exploitations pépinières horticulture Indre"
5bbd6f28-c608-4033-8e52-0d443c14e448,9371,"Convention collective départementale des exploitations polyculture, élevage viticulture Indre et Loire"
d459be29-8d5d-4716-9d0a-6b2c4be57175,9372,"Convention collective départementale des exploitations pépinières horticulture Indre et Loire"
7d1949bd-ec20-4eb6-a09d-0efafb6927fd,9374,"Convention collective départementale des exploitations arboriculture fruitière Indre et Loire"
bee3ae6a-34d0-4d56-a43a-81ffdc2837da,9383,"Convention collective départementale des exploitations agricoles CUMA Isère"
fcac1278-fe29-4b96-9ba6-cc419585bba5,9401,"Convention collective départementale des exploitations agricoles Landes"
374fcc4f-4411-47fc-ba73-f23ec5477e9c,9411,"Convention collective départementale des exploitations agricoles Loir et Cher"
c68ea490-3a26-4d5b-bf6e-00929197ae93,9412,"Convention collective départementale des ETAR CUMA Loir et Cher"
ae056d36-641f-4f65-8bb5-bca08448828b,9413,"Convention collective départementale des exploitations pépinières horticulture Loir et Cher"
0679e7ca-affb-42b1-aac6-d38d4a2205df,9421,"Convention collective départementale des exploitations agricoles Loire"
e8389fa0-4420-45df-90b9-dc7032cfc3cb,9422,"Convention collective départementale des CUMA Loire"
f33901f3-f7ab-4938-9601-189ee6766295,9441,"Convention collective départementale des exploitations agricoles Loire Atlantique"
e7aafe75-b62c-479f-b360-ccaa56b50900,9442,"Convention collective départementale des exploitations pépinières horticulture Loire Atlantique"
e0d46e87-c596-402b-8ba2-1f5917836ad0,9444,"Convention collective départementale des exploitations maraîchères Loire Atlantique"
a56067c6-7b24-4ec5-b573-5f5b615fd894,9451,"Convention collective départementale des exploitations polyculture élevage Loiret"
c2b3c283-1a0b-48d5-a182-4ca71273a4c2,9452,"Convention collective départementale des CUMA Loiret"
292c2bda-3462-4be6-abc4-5028028603af,9456,"Convention collective départementale des exploitations cultures spécialisées Loiret"
25ad75b2-6626-4397-b907-67cb6e835151,9461,"Convention collective départementale des exploitations agricoles Lot"
ac45476a-6b2e-4171-a72b-27f690de09a2,9471,"Convention collective départementale des exploitations agricoles Lot et Garonne"
d775f29d-61cc-4d15-a191-a2d064765a52,9472,"Convention collective départementale des exploitations pépinières horticulture Lot et Garonne"
05f3f050-62a2-4677-a69a-cdca27e01491,9491,"Convention collective départementale des exploitations polyculture, élevage Maine et Loire"
dc35ef24-14a1-475a-ad31-5f6580ac2ccc,9492,"Convention collective départementale des exploitations pépinières horticulture Maine et Loire"
b4701df7-ccbf-403c-9498-d6a3c7b96dbf,9493,"Convention collective départementale des champignonnières Maine et Loire"
0c419aa5-692e-4992-8718-ae7ade0babcd,9494,"Convention collective départementale des exploitations maraîchères Maine et Loire"
115b982e-cad9-4ec6-b20b-71cd3c6726eb,9497,"Convention collective départementale des producteurs graines Maine et Loire"
e074ac8a-457a-499c-bbc4-d38fdb0361f3,9501,"Convention collective départementale des exploitations agricoles Manche"
bfb67952-6283-4429-88f1-bcb564c18e50,9502,"Convention collective départementale des exploitations pépinières horticulture Manche"
d0a5df29-ee08-4ad6-89e4-5ff39898583c,9521,"Convention collective départementale des polyculture pépinières horticulture CUMA Haute Marne"
14165eec-eb3e-4904-8c42-a6682b8cdc15,9531,"Convention collective départementale des exploitations polyculture élevage Mayenne"
fcd104d3-cd3f-43d9-8dcb-e1c5450f5ae6,9532,"Convention collective départementale des exploitations pépinières horticulture Mayenne"
2e7efd46-0a85-4e29-b0e0-3af000489f10,9561,"Convention collective départementale des exploitations polyculture élevage Morbihan"
7e61964f-b3e3-4eb6-8a5a-e16d25fb7e1c,9562,"Convention collective départementale des exploitations pépinières horticulture Morbihan"
ab8e403b-3df5-4e4d-af7f-6f7b8bfe29a2,9581,"Convention collective départementale des exploitations forestières Nièvre"
d0bf6458-8fd0-4039-a294-100f1d6a91b4,9591,"Convention collective départementale des exploitations polyculture élevage Nord"
14172897-55b7-4f3b-ae74-17ec1b2bb774,9592,"Convention collective départementale des exploitations pépinières horticulture Nord"
7c2f65c2-c172-4b9a-abb7-770f367f5eef,9601,"Convention collective départementale des exploitations polyculture élevage Oise"
0f8b134b-be03-42bc-98df-cd7ceae98f58,9602,"Convention collective départementale des exploitations forestières Oise"
3ea3357a-dfb3-4e74-afaf-a5105f2fd0d1,9603,"Convention collective départementale des exploitations pépinières horticulture Oise"
336c1947-3db4-47bb-bfc5-c84e211890f8,9612,"Convention collective départementale des exploitations polyculture élevage Orne"
ee529b2a-70ce-4c18-a99d-9ba85b560722,9613,"Convention collective départementale des exploitations pépinières horticulture Orne"
87ffb2c4-9b0c-4c21-97cb-07795440f934,9621,"Convention collective départementale des exploitations polyculture élevage Pas de Calais"
d1ad7668-8d54-4c27-aba1-b9c527873e54,9622,"Convention collective départementale des exploitations pépinières horticulture Pas de Calais "
fc521d7b-b3fb-4dc7-9abc-fa7e61e693bb,9631,"Convention collective départementale des exploitations agricoles Puy de Dôme"
d95b532a-f59f-4ea7-92af-03412d67fc56,9641,"Convention collective départementale des exploitations agricoles Pyrénées Atlantiques"
64a3227c-efc8-4196-8e38-71ecd814b24c,9651,"Convention collective départementale des exploitations agricoles Hautes Pyrénées"
abb2bfd5-9d96-45a2-ae9a-37c2ab1f7775,9661,"Convention collective départementale des exploitations pépinières horticulture Pyrénées Orientales"
6fec4a63-eb10-435e-9fbc-30e502a97661,9691,"Convention collective départementale des exploitations agricoles Rhône"
e0d416d6-ec81-4ff8-9fb0-7877abd65dbf,9711,"Convention collective départementale des exploitations forestières Saône et Loire"
830331ca-7c9a-4792-8f3d-69d06bad15b3,9712,"Convention collective départementale des exploitations agricoles Saône et Loire"
9aa9a546-555f-4ee7-96c1-02e4f0168cee,9721,"Convention collective départementale des exploitations polyculture élevage Sarthe"
6107e1c7-474d-4772-8213-b5cf84d2b557,9722,"Convention collective départementale des exploitations pépinières horticulture Sarthe"
08737ed2-5aa8-4e84-bd38-757a7857688a,9723,"Convention collective départementale des exploitations maraîchères Sarthe"
163b0374-0da1-4a05-a996-4ad1c0f8efed,9725,"Convention collective départementale des champignonnières Sarthe"
f67e77d0-ea90-4171-9697-bd994f91132a,9761,"Convention collective départementale des exploitations agricoles Seine Maritime"
5d9e6aab-4178-4859-85c0-288af1a2a4aa,9762,"Convention collective départementale des exploitations maraîchères Seine Maritime"
c480f6e8-a14c-44d2-8aa5-d4f00bfad34a,9791,"Convention collective départementale des exploitations agricoles Deux Sèvres"
9e30040f-8562-46a6-a4e8-a042b5c5669f,9801,"Convention collective départementale des exploitations forestières Somme"
c90df46c-4ea9-471a-8588-4cf305d2381c,9802,"Convention collective départementale des exploitations polyculture élevage et CUMA, ETAR Somme"
c92fd12e-ce9a-41b7-959f-987db94d7e3c,9811,"Convention collective départementale des exploitations agricoles Tarn"
fb47f146-ba34-4fcd-bab7-24f6cfce328f,9821,"Convention collective départementale des exploitations agricoles Tarn et Garonne"
b3af089d-b416-4507-815f-35098b0a0699,9831,"Convention collective départementale des exploitations agricoles Var"
612902c4-7f07-482f-a64d-8e3746963b72,9841,"Convention collective départementale des exploitations agricoles Vaucluse"
d3678418-1ac4-4da8-aab1-0816b5c0e92b,9851,"Convention collective départementale des exploitations polyculture élevage Vendée"
45c21bac-1679-49d6-a636-19b11150dd9c,9852,"Convention collective départementale des exploitations pépinières horticulture Vendée"
2d27bf94-8638-43cf-bdbb-e7d60e4c0551,9853,"Convention collective départementale des exploitations maraîchères Vendée"
fb08008f-7ed5-4f51-a6ac-28bec046151b,9862,"Convention collective départementale des champignonnières Vienne"
9c220902-b934-4887-ba64-13924ad95179,9871,"Convention collective départementale des exploitations agricoles Haute Vienne"
1cd37448-8381-4f07-8144-181ea51d7084,9891,"Convention collective départementale des exploitations forestières Yonne"
9abb5c16-0384-4099-a79a-c96241159675,9971,"Convention collective départementale des exploitations bananières Martinique"
54b661f7-48cd-44cd-8aa6-098c51aa97b4,9972,"Convention collective départementale des exploitations agricoles Guyane"
